URL,EXTRACTED VALUE
"/sdd/edimar/Desktop/doutorado/doutorado04/bases/WEIR/soccer/uk.eurosport.yahoo.com/theo-walcott.html",Honours of Theo Walcott
"/sdd/edimar/Desktop/doutorado/doutorado04/bases/WEIR/soccer/uk.eurosport.yahoo.com/ross-wallace.html",Honours of Ross Wallace
"/sdd/edimar/Desktop/doutorado/doutorado04/bases/WEIR/soccer/uk.eurosport.yahoo.com/andres-iniesta.html",Honours of Andres Iniesta
"/sdd/edimar/Desktop/doutorado/doutorado04/bases/WEIR/soccer/uk.eurosport.yahoo.com/rio-ferdinand.html",Honours of Rio Ferdinand
"/sdd/edimar/Desktop/doutorado/doutorado04/bases/WEIR/soccer/uk.eurosport.yahoo.com/zlatan-ibrahimovic.html",Honours of Zlatan Ibrahimovic
"/sdd/edimar/Desktop/doutorado/doutorado04/bases/WEIR/soccer/uk.eurosport.yahoo.com/pepe.html",Honours of Pepe
"/sdd/edimar/Desktop/doutorado/doutorado04/bases/WEIR/soccer/uk.eurosport.yahoo.com/gonzalo-higuain.html",Honours of Gonzalo Higuain
"/sdd/edimar/Desktop/doutorado/doutorado04/bases/WEIR/soccer/uk.eurosport.yahoo.com/alexandre-songbillong.html",Honours of Alexandre Song billong
"/sdd/edimar/Desktop/doutorado/doutorado04/bases/WEIR/soccer/uk.eurosport.yahoo.com/anthony-mounier.html",Honours of Anthony Mounier
"/sdd/edimar/Desktop/doutorado/doutorado04/bases/WEIR/soccer/uk.eurosport.yahoo.com/franck-jurietti.html",Honours of Franck Jurietti
"/sdd/edimar/Desktop/doutorado/doutorado04/bases/WEIR/soccer/uk.eurosport.yahoo.com/younes-kaboul.html",Honours of Younes Kaboul
"/sdd/edimar/Desktop/doutorado/doutorado04/bases/WEIR/soccer/uk.eurosport.yahoo.com/benedict-mccarthy.html",Honours of Benedict Mccarthy
"/sdd/edimar/Desktop/doutorado/doutorado04/bases/WEIR/soccer/uk.eurosport.yahoo.com/gerard-pique.html",Honours of Gerard Pique
"/sdd/edimar/Desktop/doutorado/doutorado04/bases/WEIR/soccer/uk.eurosport.yahoo.com/roman-pavlyuchenko.html",Honours of Roman Pavlyuchenko
"/sdd/edimar/Desktop/doutorado/doutorado04/bases/WEIR/soccer/uk.eurosport.yahoo.com/paul-konchesky.html",Honours of Paul Konchesky
"/sdd/edimar/Desktop/doutorado/doutorado04/bases/WEIR/soccer/uk.eurosport.yahoo.com/jonathan-woodgate.html",Honours of Jonathan Woodgate
"/sdd/edimar/Desktop/doutorado/doutorado04/bases/WEIR/soccer/uk.eurosport.yahoo.com/patrice-evra.html",Honours of Patrice Evra
"/sdd/edimar/Desktop/doutorado/doutorado04/bases/WEIR/soccer/uk.eurosport.yahoo.com/mark-gonzalez.html",Honours of Mark Gonzalez
"/sdd/edimar/Desktop/doutorado/doutorado04/bases/WEIR/soccer/uk.eurosport.yahoo.com/alexandros-tziolis.html",Honours of Alexandros Tziolis
"/sdd/edimar/Desktop/doutorado/doutorado04/bases/WEIR/soccer/uk.eurosport.yahoo.com/olivier-kapo.html",Honours of Olivier Kapo
"/sdd/edimar/Desktop/doutorado/doutorado04/bases/WEIR/soccer/uk.eurosport.yahoo.com/olof-mellberg.html",Honours of Olof Mellberg
"/sdd/edimar/Desktop/doutorado/doutorado04/bases/WEIR/soccer/uk.eurosport.yahoo.com/emerse-fae.html",Honours of Emerse Fae
"/sdd/edimar/Desktop/doutorado/doutorado04/bases/WEIR/soccer/uk.eurosport.yahoo.com/pascal-cygan.html",Honours of Pascal Cygan
"/sdd/edimar/Desktop/doutorado/doutorado04/bases/WEIR/soccer/uk.eurosport.yahoo.com/mirko-vucinic.html",Honours of Mirko Vucinic
"/sdd/edimar/Desktop/doutorado/doutorado04/bases/WEIR/soccer/uk.eurosport.yahoo.com/darren-fletcher.html",Honours of Darren Fletcher
"/sdd/edimar/Desktop/doutorado/doutorado04/bases/WEIR/soccer/uk.eurosport.yahoo.com/claude-makelele.html",Honours of Claude Makelele
"/sdd/edimar/Desktop/doutorado/doutorado04/bases/WEIR/soccer/uk.eurosport.yahoo.com/karim-benzema.html",Honours of Karim Benzema
"/sdd/edimar/Desktop/doutorado/doutorado04/bases/WEIR/soccer/uk.eurosport.yahoo.com/wesley-brown.html",Honours of Wesley Brown
"/sdd/edimar/Desktop/doutorado/doutorado04/bases/WEIR/soccer/uk.eurosport.yahoo.com/artur-boruc.html",Honours of Artur Boruc
"/sdd/edimar/Desktop/doutorado/doutorado04/bases/WEIR/soccer/uk.eurosport.yahoo.com/ricardo-quaresma.html",Honours of Ricardo Quaresma
"/sdd/edimar/Desktop/doutorado/doutorado04/bases/WEIR/soccer/uk.eurosport.yahoo.com/kevin-davies.html",Honours of Kevin Davies
"/sdd/edimar/Desktop/doutorado/doutorado04/bases/WEIR/soccer/uk.eurosport.yahoo.com/carles-puyol.html",Honours of Carles Puyol
"/sdd/edimar/Desktop/doutorado/doutorado04/bases/WEIR/soccer/uk.eurosport.yahoo.com/didier-zokora.html",Honours of Didier Zokora
"/sdd/edimar/Desktop/doutorado/doutorado04/bases/WEIR/soccer/uk.eurosport.yahoo.com/matthew-upson.html",Honours of Matthew Upson
"/sdd/edimar/Desktop/doutorado/doutorado04/bases/WEIR/soccer/uk.eurosport.yahoo.com/antoine-sibierski.html",Honours of Antoine Sibierski
"/sdd/edimar/Desktop/doutorado/doutorado04/bases/WEIR/soccer/uk.eurosport.yahoo.com/thierry-henry.html",Honours of Thierry Henry
"/sdd/edimar/Desktop/doutorado/doutorado04/bases/WEIR/soccer/uk.eurosport.yahoo.com/raul-albiol.html",Honours of Raul Albiol
"/sdd/edimar/Desktop/doutorado/doutorado04/bases/WEIR/soccer/uk.eurosport.yahoo.com/mario-melchiot.html",Honours of Mario Melchiot
"/sdd/edimar/Desktop/doutorado/doutorado04/bases/WEIR/soccer/uk.eurosport.yahoo.com/daniel-gygax.html",Honours of Daniel Gygax
"/sdd/edimar/Desktop/doutorado/doutorado04/bases/WEIR/soccer/uk.eurosport.yahoo.com/sibusiso-zuma.html",Honours of Sibusiso Zuma
"/sdd/edimar/Desktop/doutorado/doutorado04/bases/WEIR/soccer/uk.eurosport.yahoo.com/alan-smith.html",Honours of Alan Smith
"/sdd/edimar/Desktop/doutorado/doutorado04/bases/WEIR/soccer/uk.eurosport.yahoo.com/julien-faubert.html",Honours of Julien Faubert
"/sdd/edimar/Desktop/doutorado/doutorado04/bases/WEIR/soccer/uk.eurosport.yahoo.com/markus-rosenberg.html",Honours of Markus Rosenberg
"/sdd/edimar/Desktop/doutorado/doutorado04/bases/WEIR/soccer/uk.eurosport.yahoo.com/martin-laursen.html",Honours of Martin Laursen
"/sdd/edimar/Desktop/doutorado/doutorado04/bases/WEIR/soccer/uk.eurosport.yahoo.com/chris-baird.html",Honours of Chris Baird
"/sdd/edimar/Desktop/doutorado/doutorado04/bases/WEIR/soccer/uk.eurosport.yahoo.com/david-silva.html",Honours of David Silva
"/sdd/edimar/Desktop/doutorado/doutorado04/bases/WEIR/soccer/uk.eurosport.yahoo.com/william-gallas.html",Honours of William Gallas
"/sdd/edimar/Desktop/doutorado/doutorado04/bases/WEIR/soccer/uk.eurosport.yahoo.com/yoann-gourcuff.html",Honours of Yoann Gourcuff
"/sdd/edimar/Desktop/doutorado/doutorado04/bases/WEIR/soccer/uk.eurosport.yahoo.com/alberto-gilardino.html",Honours of Alberto Gilardino
"/sdd/edimar/Desktop/doutorado/doutorado04/bases/WEIR/soccer/uk.eurosport.yahoo.com/hermann-hreidarsson.html",Honours of Hermann Hreidarsson
"/sdd/edimar/Desktop/doutorado/doutorado04/bases/WEIR/soccer/uk.eurosport.yahoo.com/ryan-giggs.html",Honours of Ryan Giggs
"/sdd/edimar/Desktop/doutorado/doutorado04/bases/WEIR/soccer/uk.eurosport.yahoo.com/milan-baros.html",Honours of Milan Baros
"/sdd/edimar/Desktop/doutorado/doutorado04/bases/WEIR/soccer/uk.eurosport.yahoo.com/claudio-cacapa.html",Honours of Claudio Cacapa
"/sdd/edimar/Desktop/doutorado/doutorado04/bases/WEIR/soccer/uk.eurosport.yahoo.com/cristianoronaldo.html",Honours of Cristiano ronaldo
"/sdd/edimar/Desktop/doutorado/doutorado04/bases/WEIR/soccer/uk.eurosport.yahoo.com/mark-viduka.html",Honours of Mark Viduka
"/sdd/edimar/Desktop/doutorado/doutorado04/bases/WEIR/soccer/uk.eurosport.yahoo.com/andreas-isaksson.html",Honours of Andreas Isaksson
"/sdd/edimar/Desktop/doutorado/doutorado04/bases/WEIR/soccer/uk.eurosport.yahoo.com/gary-neville.html",Honours of Gary Neville
"/sdd/edimar/Desktop/doutorado/doutorado04/bases/WEIR/soccer/uk.eurosport.yahoo.com/wayne-bridge.html",Honours of Wayne Bridge
"/sdd/edimar/Desktop/doutorado/doutorado04/bases/WEIR/soccer/uk.eurosport.yahoo.com/philipp-degen.html",Honours of Philipp Degen
"/sdd/edimar/Desktop/doutorado/doutorado04/bases/WEIR/soccer/uk.eurosport.yahoo.com/wesley-sneijder.html",Honours of Wesley Sneijder
"/sdd/edimar/Desktop/doutorado/doutorado04/bases/WEIR/soccer/uk.eurosport.yahoo.com/francesc-fabregas.html",Honours of Francesc Fabregas
"/sdd/edimar/Desktop/doutorado/doutorado04/bases/WEIR/soccer/uk.eurosport.yahoo.com/vicente.html",Honours of Vicente
"/sdd/edimar/Desktop/doutorado/doutorado04/bases/WEIR/soccer/uk.eurosport.yahoo.com/carlos-bocanegra.html",Honours of Carlos Bocanegra
"/sdd/edimar/Desktop/doutorado/doutorado04/bases/WEIR/soccer/uk.eurosport.yahoo.com/gary-caldwell.html",Honours of Gary Caldwell
"/sdd/edimar/Desktop/doutorado/doutorado04/bases/WEIR/soccer/uk.eurosport.yahoo.com/yuri-zhirkov.html",Honours of Yuri Zhirkov
"/sdd/edimar/Desktop/doutorado/doutorado04/bases/WEIR/soccer/uk.eurosport.yahoo.com/rodrigo-taddei.html",Honours of Rodrigo Taddei
"/sdd/edimar/Desktop/doutorado/doutorado04/bases/WEIR/soccer/uk.eurosport.yahoo.com/steve-finnan.html",Honours of Steve Finnan
"/sdd/edimar/Desktop/doutorado/doutorado04/bases/WEIR/soccer/uk.eurosport.yahoo.com/salomon-kalou.html",Honours of Salomon Kalou
"/sdd/edimar/Desktop/doutorado/doutorado04/bases/WEIR/soccer/uk.eurosport.yahoo.com/tomas-rosicky.html",Honours of Tomas Rosicky
"/sdd/edimar/Desktop/doutorado/doutorado04/bases/WEIR/soccer/uk.eurosport.yahoo.com/marc-planus.html",Honours of Marc Planus
"/sdd/edimar/Desktop/doutorado/doutorado04/bases/WEIR/soccer/uk.eurosport.yahoo.com/christian-panucci.html",Honours of Christian Panucci
"/sdd/edimar/Desktop/doutorado/doutorado04/bases/WEIR/soccer/uk.eurosport.yahoo.com/daniel-cousin.html",Honours of Daniel Cousin
"/sdd/edimar/Desktop/doutorado/doutorado04/bases/WEIR/soccer/uk.eurosport.yahoo.com/marco-borriello.html",Honours of Marco Borriello
"/sdd/edimar/Desktop/doutorado/doutorado04/bases/WEIR/soccer/uk.eurosport.yahoo.com/bastian-schweinsteiger.html",Honours of Bastian Schweinsteiger
"/sdd/edimar/Desktop/doutorado/doutorado04/bases/WEIR/soccer/uk.eurosport.yahoo.com/ashley-cole.html",Honours of Ashley Cole
"/sdd/edimar/Desktop/doutorado/doutorado04/bases/WEIR/soccer/uk.eurosport.yahoo.com/jisung-park.html",Honours of Ji-sung Park
"/sdd/edimar/Desktop/doutorado/doutorado04/bases/WEIR/soccer/uk.eurosport.yahoo.com/andy-cole.html",Honours of Andy Cole
"/sdd/edimar/Desktop/doutorado/doutorado04/bases/WEIR/soccer/uk.eurosport.yahoo.com/alves-afonso.html",Honours of Alves Afonso
"/sdd/edimar/Desktop/doutorado/doutorado04/bases/WEIR/soccer/uk.eurosport.yahoo.com/sbastien-puygrenier.html",Honours of Sébastien Puygrenier
"/sdd/edimar/Desktop/doutorado/doutorado04/bases/WEIR/soccer/uk.eurosport.yahoo.com/konstantin-zyryanov.html",Honours of Konstantin Zyryanov
"/sdd/edimar/Desktop/doutorado/doutorado04/bases/WEIR/soccer/uk.eurosport.yahoo.com/gareth-southgate.html",Honours of Gareth Southgate
"/sdd/edimar/Desktop/doutorado/doutorado04/bases/WEIR/soccer/uk.eurosport.yahoo.com/vassirikiabou-diaby.html",Honours of Vassiriki Abou Diaby
"/sdd/edimar/Desktop/doutorado/doutorado04/bases/WEIR/soccer/uk.eurosport.yahoo.com/leighton-baines.html",Honours of Leighton Baines
"/sdd/edimar/Desktop/doutorado/doutorado04/bases/WEIR/soccer/uk.eurosport.yahoo.com/daniel-agger.html",Honours of Daniel Agger
"/sdd/edimar/Desktop/doutorado/doutorado04/bases/WEIR/soccer/uk.eurosport.yahoo.com/bruno-berner.html",Honours of Bruno Berner
"/sdd/edimar/Desktop/doutorado/doutorado04/bases/WEIR/soccer/uk.eurosport.yahoo.com/javier-mascherano.html",Honours of Javier Mascherano
"/sdd/edimar/Desktop/doutorado/doutorado04/bases/WEIR/soccer/uk.eurosport.yahoo.com/antonio-chimenti.html",Honours of Antonio Chimenti
"/sdd/edimar/Desktop/doutorado/doutorado04/bases/WEIR/soccer/uk.eurosport.yahoo.com/lassana-diarra.html",Honours of Lassana Diarra
"/sdd/edimar/Desktop/doutorado/doutorado04/bases/WEIR/soccer/uk.eurosport.yahoo.com/patrick-vieira.html",Honours of Patrick Vieira
"/sdd/edimar/Desktop/doutorado/doutorado04/bases/WEIR/soccer/uk.eurosport.yahoo.com/glen-johnson.html",Honours of Glen Johnson
"/sdd/edimar/Desktop/doutorado/doutorado04/bases/WEIR/soccer/uk.eurosport.yahoo.com/stilian-petrov.html",Honours of Stilian Petrov
"/sdd/edimar/Desktop/doutorado/doutorado04/bases/WEIR/soccer/uk.eurosport.yahoo.com/david-beckham.html",Honours of David Beckham
"/sdd/edimar/Desktop/doutorado/doutorado04/bases/WEIR/soccer/uk.eurosport.yahoo.com/gabriel-milito.html",Honours of Gabriel Milito
"/sdd/edimar/Desktop/doutorado/doutorado04/bases/WEIR/soccer/uk.eurosport.yahoo.com/ronaldinho.html",Honours of Ronaldinho
"/sdd/edimar/Desktop/doutorado/doutorado04/bases/WEIR/soccer/uk.eurosport.yahoo.com/michael-owen.html",Honours of Michael Owen
"/sdd/edimar/Desktop/doutorado/doutorado04/bases/WEIR/soccer/uk.eurosport.yahoo.com/oliver-kahn.html",Honours of Oliver Kahn
"/sdd/edimar/Desktop/doutorado/doutorado04/bases/WEIR/soccer/uk.eurosport.yahoo.com/andrew-johnson.html",Honours of Andrew Johnson
"/sdd/edimar/Desktop/doutorado/doutorado04/bases/WEIR/soccer/uk.eurosport.yahoo.com/ulrich-rame.html",Honours of Ulrich Rame
"/sdd/edimar/Desktop/doutorado/doutorado04/bases/WEIR/soccer/uk.eurosport.yahoo.com/michael-essien.html",Honours of Michael Essien
"/sdd/edimar/Desktop/doutorado/doutorado04/bases/WEIR/soccer/uk.eurosport.yahoo.com/vincent-kompany.html",Honours of Vincent Kompany
"/sdd/edimar/Desktop/doutorado/doutorado04/bases/WEIR/soccer/uk.eurosport.yahoo.com/eric-abidal.html",Honours of Eric Abidal
"/sdd/edimar/Desktop/doutorado/doutorado04/bases/WEIR/soccer/uk.eurosport.yahoo.com/danny-higginbotham.html",Honours of Danny Higginbotham
"/sdd/edimar/Desktop/doutorado/doutorado04/bases/WEIR/soccer/uk.eurosport.yahoo.com/marlon-harewood.html",Honours of Marlon Harewood
"/sdd/edimar/Desktop/doutorado/doutorado04/bases/WEIR/soccer/uk.eurosport.yahoo.com/bobby-zamora.html",Honours of Bobby Zamora
"/sdd/edimar/Desktop/doutorado/doutorado04/bases/WEIR/soccer/uk.eurosport.yahoo.com/franck-queudrue.html",Honours of Franck Queudrue
"/sdd/edimar/Desktop/doutorado/doutorado04/bases/WEIR/soccer/uk.eurosport.yahoo.com/jason-roberts.html",Honours of Jason Roberts
"/sdd/edimar/Desktop/doutorado/doutorado04/bases/WEIR/soccer/uk.eurosport.yahoo.com/carlo-cudicini.html",Honours of Carlo Cudicini
"/sdd/edimar/Desktop/doutorado/doutorado04/bases/WEIR/soccer/uk.eurosport.yahoo.com/martin-jorgensen.html",Honours of Martin Jorgensen
"/sdd/edimar/Desktop/doutorado/doutorado04/bases/WEIR/soccer/uk.eurosport.yahoo.com/steven-gerrard.html",Honours of Steven Gerrard
"/sdd/edimar/Desktop/doutorado/doutorado04/bases/WEIR/soccer/uk.eurosport.yahoo.com/thomas-gravesen.html",Honours of Thomas Gravesen
"/sdd/edimar/Desktop/doutorado/doutorado04/bases/WEIR/soccer/uk.eurosport.yahoo.com/mahamadou-diarra.html",Honours of Mahamadou Diarra
"/sdd/edimar/Desktop/doutorado/doutorado04/bases/WEIR/soccer/uk.eurosport.yahoo.com/robbie-keane.html",Honours of Robbie Keane
"/sdd/edimar/Desktop/doutorado/doutorado04/bases/WEIR/soccer/uk.eurosport.yahoo.com/michael-ball.html",Honours of Michael Ball
"/sdd/edimar/Desktop/doutorado/doutorado04/bases/WEIR/soccer/uk.eurosport.yahoo.com/philippe-christanval.html",Honours of Philippe Christanval
"/sdd/edimar/Desktop/doutorado/doutorado04/bases/WEIR/soccer/uk.eurosport.yahoo.com/nigel-reocoker.html",Honours of Nigel Reo-coker
"/sdd/edimar/Desktop/doutorado/doutorado04/bases/WEIR/soccer/uk.eurosport.yahoo.com/jrmy-toulalan.html",Honours of Jérémy Toulalan
"/sdd/edimar/Desktop/doutorado/doutorado04/bases/WEIR/soccer/uk.eurosport.yahoo.com/rafael-marquez.html",Honours of Rafael Marquez
"/sdd/edimar/Desktop/doutorado/doutorado04/bases/WEIR/soccer/uk.eurosport.yahoo.com/edwin-vandersar.html",Honours of Edwin Van der sar
"/sdd/edimar/Desktop/doutorado/doutorado04/bases/WEIR/soccer/uk.eurosport.yahoo.com/shaun-maloney.html",Honours of Shaun Maloney
"/sdd/edimar/Desktop/doutorado/doutorado04/bases/WEIR/soccer/uk.eurosport.yahoo.com/bakari-sagna.html",Honours of Bakari Sagna
"/sdd/edimar/Desktop/doutorado/doutorado04/bases/WEIR/soccer/uk.eurosport.yahoo.com/fernando.html",Honours of Fernando
"/sdd/edimar/Desktop/doutorado/doutorado04/bases/WEIR/soccer/uk.eurosport.yahoo.com/roy-carroll.html",Honours of Roy Carroll
"/sdd/edimar/Desktop/doutorado/doutorado04/bases/WEIR/soccer/uk.eurosport.yahoo.com/craigdouglas-bellamy.html",Honours of Craig Douglas Bellamy
"/sdd/edimar/Desktop/doutorado/doutorado04/bases/WEIR/soccer/uk.eurosport.yahoo.com/alexander-hleb.html",Honours of Alexander Hleb
"/sdd/edimar/Desktop/doutorado/doutorado04/bases/WEIR/soccer/uk.eurosport.yahoo.com/arjen-robben.html",Honours of Arjen Robben
"/sdd/edimar/Desktop/doutorado/doutorado04/bases/WEIR/soccer/uk.eurosport.yahoo.com/fabio-grosso.html",Honours of Fabio Grosso
"/sdd/edimar/Desktop/doutorado/doutorado04/bases/WEIR/soccer/uk.eurosport.yahoo.com/john-terry.html",Honours of John Terry
"/sdd/edimar/Desktop/doutorado/doutorado04/bases/WEIR/soccer/uk.eurosport.yahoo.com/lilian-thuram.html",Honours of Lilian Thuram
"/sdd/edimar/Desktop/doutorado/doutorado04/bases/WEIR/soccer/uk.eurosport.yahoo.com/henrik-pedersen.html",Honours of Henrik Pedersen
"/sdd/edimar/Desktop/doutorado/doutorado04/bases/WEIR/soccer/uk.eurosport.yahoo.com/bernard-mendy.html",Honours of Bernard Mendy
"/sdd/edimar/Desktop/doutorado/doutorado04/bases/WEIR/soccer/uk.eurosport.yahoo.com/bernardo-corradi.html",Honours of Bernardo Corradi
"/sdd/edimar/Desktop/doutorado/doutorado04/bases/WEIR/soccer/uk.eurosport.yahoo.com/gal-clichy.html",Honours of Gaël Clichy
"/sdd/edimar/Desktop/doutorado/doutorado04/bases/WEIR/soccer/uk.eurosport.yahoo.com/kevin-nolan.html",Honours of Kevin Nolan
"/sdd/edimar/Desktop/doutorado/doutorado04/bases/WEIR/soccer/uk.eurosport.yahoo.com/mladen-petric.html",Honours of Mladen Petric
"/sdd/edimar/Desktop/doutorado/doutorado04/bases/WEIR/soccer/uk.eurosport.yahoo.com/nemanja-vidic.html",Honours of Nemanja Vidic
"/sdd/edimar/Desktop/doutorado/doutorado04/bases/WEIR/soccer/uk.eurosport.yahoo.com/anderson.html",Honours of Anderson
"/sdd/edimar/Desktop/doutorado/doutorado04/bases/WEIR/soccer/uk.eurosport.yahoo.com/steed-malbranque.html",Honours of Steed Malbranque
"/sdd/edimar/Desktop/doutorado/doutorado04/bases/WEIR/soccer/uk.eurosport.yahoo.com/robert-pires.html",Honours of Robert Pires
"/sdd/edimar/Desktop/doutorado/doutorado04/bases/WEIR/soccer/uk.eurosport.yahoo.com/keith-gillespie.html",Honours of Keith Gillespie
"/sdd/edimar/Desktop/doutorado/doutorado04/bases/WEIR/soccer/uk.eurosport.yahoo.com/carlos-tevez.html",Honours of Carlos Tevez
"/sdd/edimar/Desktop/doutorado/doutorado04/bases/WEIR/soccer/uk.eurosport.yahoo.com/mohamed-zidan.html",Honours of Mohamed Zidan
"/sdd/edimar/Desktop/doutorado/doutorado04/bases/WEIR/soccer/uk.eurosport.yahoo.com/torsten-frings.html",Honours of Torsten Frings
"/sdd/edimar/Desktop/doutorado/doutorado04/bases/WEIR/soccer/uk.eurosport.yahoo.com/manuelhenriques-fernandes.html",Honours of Manuel Henriques Fernandes
"/sdd/edimar/Desktop/doutorado/doutorado04/bases/WEIR/soccer/uk.eurosport.yahoo.com/roy-keane.html",Honours of Roy Keane
"/sdd/edimar/Desktop/doutorado/doutorado04/bases/WEIR/soccer/uk.eurosport.yahoo.com/cristiano-zanetti.html",Honours of Cristiano Zanetti
"/sdd/edimar/Desktop/doutorado/doutorado04/bases/WEIR/soccer/uk.eurosport.yahoo.com/justin-hoyte.html",Honours of Justin Hoyte
"/sdd/edimar/Desktop/doutorado/doutorado04/bases/WEIR/soccer/uk.eurosport.yahoo.com/kolo-toure.html",Honours of Kolo Toure
"/sdd/edimar/Desktop/doutorado/doutorado04/bases/WEIR/soccer/uk.eurosport.yahoo.com/carloslopez-marchena.html",Honours of Carlos Lopez Marchena
"/sdd/edimar/Desktop/doutorado/doutorado04/bases/WEIR/soccer/uk.eurosport.yahoo.com/jean-makoun.html",Honours of Jean Makoun
"/sdd/edimar/Desktop/doutorado/doutorado04/bases/WEIR/soccer/uk.eurosport.yahoo.com/sol-campbell.html",Honours of Sol Campbell
"/sdd/edimar/Desktop/doutorado/doutorado04/bases/WEIR/soccer/uk.eurosport.yahoo.com/antonio-cassano.html",Honours of Antonio Cassano
"/sdd/edimar/Desktop/doutorado/doutorado04/bases/WEIR/soccer/uk.eurosport.yahoo.com/fabricio-coloccini.html",Honours of Fabricio Coloccini
"/sdd/edimar/Desktop/doutorado/doutorado04/bases/WEIR/soccer/uk.eurosport.yahoo.com/teemu-tainio.html",Honours of Teemu Tainio
"/sdd/edimar/Desktop/doutorado/doutorado04/bases/WEIR/soccer/uk.eurosport.yahoo.com/per-mertesacker.html",Honours of Per Mertesacker
"/sdd/edimar/Desktop/doutorado/doutorado04/bases/WEIR/soccer/uk.eurosport.yahoo.com/gianluigi-buffon.html",Honours of Gianluigi Buffon
"/sdd/edimar/Desktop/doutorado/doutorado04/bases/WEIR/soccer/uk.eurosport.yahoo.com/souleymane-diawara.html",Honours of Souleymane Diawara
"/sdd/edimar/Desktop/doutorado/doutorado04/bases/WEIR/soccer/uk.eurosport.yahoo.com/juninho.html",Honours of Juninho
"/sdd/edimar/Desktop/doutorado/doutorado04/bases/WEIR/soccer/uk.eurosport.yahoo.com/ian-pearce.html",Honours of Ian Pearce
"/sdd/edimar/Desktop/doutorado/doutorado04/bases/WEIR/soccer/uk.eurosport.yahoo.com/stewart-downing.html",Honours of Stewart Downing
"/sdd/edimar/Desktop/doutorado/doutorado04/bases/WEIR/soccer/uk.eurosport.yahoo.com/miroslav-klose.html",Honours of Miroslav Klose
"/sdd/edimar/Desktop/doutorado/doutorado04/bases/WEIR/soccer/uk.eurosport.yahoo.com/joan-capdevila.html",Honours of Joan Capdevila
"/sdd/edimar/Desktop/doutorado/doutorado04/bases/WEIR/soccer/uk.eurosport.yahoo.com/kader-keita.html",Honours of Kader Keita
"/sdd/edimar/Desktop/doutorado/doutorado04/bases/WEIR/soccer/uk.eurosport.yahoo.com/massimo-donati.html",Honours of Massimo Donati
"/sdd/edimar/Desktop/doutorado/doutorado04/bases/WEIR/soccer/uk.eurosport.yahoo.com/lukas-podolski.html",Honours of Lukas Podolski
"/sdd/edimar/Desktop/doutorado/doutorado04/bases/WEIR/soccer/uk.eurosport.yahoo.com/mario-gomez.html",Honours of Mario Gomez
"/sdd/edimar/Desktop/doutorado/doutorado04/bases/WEIR/soccer/uk.eurosport.yahoo.com/tom-huddlestone.html",Honours of Tom Huddlestone
"/sdd/edimar/Desktop/doutorado/doutorado04/bases/WEIR/soccer/uk.eurosport.yahoo.com/philippe-senderos.html",Honours of Philippe Senderos
"/sdd/edimar/Desktop/doutorado/doutorado04/bases/WEIR/soccer/uk.eurosport.yahoo.com/tomasz-kuszczak.html",Honours of Tomasz Kuszczak
"/sdd/edimar/Desktop/doutorado/doutorado04/bases/WEIR/soccer/uk.eurosport.yahoo.com/david-rozehnal.html",Honours of David Rozehnal
"/sdd/edimar/Desktop/doutorado/doutorado04/bases/WEIR/soccer/uk.eurosport.yahoo.com/jamie-carragher.html",Honours of Jamie Carragher
"/sdd/edimar/Desktop/doutorado/doutorado04/bases/WEIR/soccer/uk.eurosport.yahoo.com/marco-materazzi.html",Honours of Marco Materazzi
"/sdd/edimar/Desktop/doutorado/doutorado04/bases/WEIR/soccer/uk.eurosport.yahoo.com/heurelho-gomes.html",Honours of Heurelho Gomes
"/sdd/edimar/Desktop/doutorado/doutorado04/bases/WEIR/soccer/uk.eurosport.yahoo.com/samuel-etoo.html",Honours of Samuel Eto'o
"/sdd/edimar/Desktop/doutorado/doutorado04/bases/WEIR/soccer/uk.eurosport.yahoo.com/petter-hansson.html",Honours of Petter Hansson
"/sdd/edimar/Desktop/doutorado/doutorado04/bases/WEIR/soccer/uk.eurosport.yahoo.com/gilbertosilva.html",Honours of Gilberto silva
"/sdd/edimar/Desktop/doutorado/doutorado04/bases/WEIR/soccer/uk.eurosport.yahoo.com/francis-jeffers.html",Honours of Francis Jeffers
"/sdd/edimar/Desktop/doutorado/doutorado04/bases/WEIR/soccer/uk.eurosport.yahoo.com/tiago.html",Honours of Tiago
"/sdd/edimar/Desktop/doutorado/doutorado04/bases/WEIR/soccer/uk.eurosport.yahoo.com/robin-vanpersie.html",Honours of
"/sdd/edimar/Desktop/doutorado/doutorado04/bases/WEIR/soccer/uk.eurosport.yahoo.com/alexander-frei.html",Honours of Alexander Frei
"/sdd/edimar/Desktop/doutorado/doutorado04/bases/WEIR/soccer/uk.eurosport.yahoo.com/damien-duff.html",Honours of Damien Duff
"/sdd/edimar/Desktop/doutorado/doutorado04/bases/WEIR/soccer/uk.eurosport.yahoo.com/fraizer-campbell.html",Honours of Fraizer Campbell
"/sdd/edimar/Desktop/doutorado/doutorado04/bases/WEIR/soccer/uk.eurosport.yahoo.com/carlton-cole.html",Honours of Carlton Cole
"/sdd/edimar/Desktop/doutorado/doutorado04/bases/WEIR/soccer/uk.eurosport.yahoo.com/vincent-candela.html",Honours of Vincent Candela
"/sdd/edimar/Desktop/doutorado/doutorado04/bases/WEIR/soccer/uk.eurosport.yahoo.com/marouane-chamakh.html",Honours of Marouane Chamakh
"/sdd/edimar/Desktop/doutorado/doutorado04/bases/WEIR/soccer/uk.eurosport.yahoo.com/dimitar-berbatov.html",Honours of Dimitar Berbatov
"/sdd/edimar/Desktop/doutorado/doutorado04/bases/WEIR/soccer/uk.eurosport.yahoo.com/samir-nasri.html",Honours of Samir Nasri
"/sdd/edimar/Desktop/doutorado/doutorado04/bases/WEIR/soccer/uk.eurosport.yahoo.com/marco-cassetti.html",Honours of Marco Cassetti
"/sdd/edimar/Desktop/doutorado/doutorado04/bases/WEIR/soccer/uk.eurosport.yahoo.com/robbie-fowler.html",Honours of Robbie Fowler
"/sdd/edimar/Desktop/doutorado/doutorado04/bases/WEIR/soccer/uk.eurosport.yahoo.com/gabriel-obertan.html",Honours of Gabriel Obertan
"/sdd/edimar/Desktop/doutorado/doutorado04/bases/WEIR/soccer/uk.eurosport.yahoo.com/hugo-lloris.html",Honours of Hugo Lloris
"/sdd/edimar/Desktop/doutorado/doutorado04/bases/WEIR/soccer/uk.eurosport.yahoo.com/eidur-gudjohnsen.html",Honours of Eidur Gudjohnsen
"/sdd/edimar/Desktop/doutorado/doutorado04/bases/WEIR/soccer/uk.eurosport.yahoo.com/sheyiemmanuel-adebayor.html",Honours of Sheyi Emmanuel Adebayor
"/sdd/edimar/Desktop/doutorado/doutorado04/bases/WEIR/soccer/uk.eurosport.yahoo.com/michael-carrick.html",Honours of Michael Carrick
"/sdd/edimar/Desktop/doutorado/doutorado04/bases/WEIR/soccer/uk.eurosport.yahoo.com/david-villa.html",Honours of David Villa
"/sdd/edimar/Desktop/doutorado/doutorado04/bases/WEIR/soccer/uk.eurosport.yahoo.com/steven-davis.html",Honours of Steven Davis
"/sdd/edimar/Desktop/doutorado/doutorado04/bases/WEIR/soccer/uk.eurosport.yahoo.com/simone-inzaghi.html",Honours of Simone Inzaghi
"/sdd/edimar/Desktop/doutorado/doutorado04/bases/WEIR/soccer/uk.eurosport.yahoo.com/laurent-blanc.html",Honours of Laurent Blanc
"/sdd/edimar/Desktop/doutorado/doutorado04/bases/WEIR/soccer/uk.eurosport.yahoo.com/alberto-aquilani.html",Honours of Alberto Aquilani
"/sdd/edimar/Desktop/doutorado/doutorado04/bases/WEIR/soccer/uk.eurosport.yahoo.com/anatoliy-tymoshchuk.html",Honours of Anatoliy Tymoshchuk
"/sdd/edimar/Desktop/doutorado/doutorado04/bases/WEIR/soccer/uk.eurosport.yahoo.com/joe-cole.html",Honours of Joe Cole
"/sdd/edimar/Desktop/doutorado/doutorado04/bases/WEIR/soccer/uk.eurosport.yahoo.com/manuel-almunia.html",Honours of Manuel Almunia
"/sdd/edimar/Desktop/doutorado/doutorado04/bases/WEIR/soccer/uk.eurosport.yahoo.com/michael-ballack.html",Honours of Michael Ballack
"/sdd/edimar/Desktop/doutorado/doutorado04/bases/WEIR/soccer/uk.eurosport.yahoo.com/vladimir-smicer.html",Honours of Vladimir Smicer
"/sdd/edimar/Desktop/doutorado/doutorado04/bases/WEIR/soccer/uk.eurosport.yahoo.com/mark-schwarzer.html",Honours of Mark Schwarzer
"/sdd/edimar/Desktop/doutorado/doutorado04/bases/WEIR/soccer/uk.eurosport.yahoo.com/olano-xabialonso.html",Honours of Olano Xabi alonso
"/sdd/edimar/Desktop/doutorado/doutorado04/bases/WEIR/soccer/uk.eurosport.yahoo.com/filippo-inzaghi.html",Honours of Filippo Inzaghi
"/sdd/edimar/Desktop/doutorado/doutorado04/bases/WEIR/soccer/uk.eurosport.yahoo.com/eric-addo.html",Honours of Eric Addo
"/sdd/edimar/Desktop/doutorado/doutorado04/bases/WEIR/soccer/uk.eurosport.yahoo.com/jonathan-zebina.html",Honours of Jonathan Zebina
"/sdd/edimar/Desktop/doutorado/doutorado04/bases/WEIR/soccer/uk.eurosport.yahoo.com/owen-hargreaves.html",Honours of Owen Hargreaves
"/sdd/edimar/Desktop/doutorado/doutorado04/bases/WEIR/soccer/uk.eurosport.yahoo.com/andre-chevtchenko.html",Honours of Andreï Chevtchenko
"/sdd/edimar/Desktop/doutorado/doutorado04/bases/WEIR/soccer/uk.eurosport.yahoo.com/didier-drogba.html",Honours of Didier Drogba
"/sdd/edimar/Desktop/doutorado/doutorado04/bases/WEIR/soccer/uk.eurosport.yahoo.com/peter-halmosi.html",Honours of Peter Halmosi
"/sdd/edimar/Desktop/doutorado/doutorado04/bases/WEIR/soccer/uk.eurosport.yahoo.com/zinedine-zidane.html",Honours of Zinedine Zidane
"/sdd/edimar/Desktop/doutorado/doutorado04/bases/WEIR/soccer/uk.eurosport.yahoo.com/paul-scharner.html",Honours of Paul Scharner
"/sdd/edimar/Desktop/doutorado/doutorado04/bases/WEIR/soccer/uk.eurosport.yahoo.com/hernan-crespo.html",Honours of Hernan Crespo
"/sdd/edimar/Desktop/doutorado/doutorado04/bases/WEIR/soccer/uk.eurosport.yahoo.com/david-nugent.html",Honours of David Nugent
"/sdd/edimar/Desktop/doutorado/doutorado04/bases/WEIR/soccer/uk.eurosport.yahoo.com/john-carew.html",Honours of John Carew
"/sdd/edimar/Desktop/doutorado/doutorado04/bases/WEIR/soccer/uk.eurosport.yahoo.com/christian-abbiati.html",Honours of Christian Abbiati
"/sdd/edimar/Desktop/doutorado/doutorado04/bases/WEIR/soccer/uk.eurosport.yahoo.com/jermaine-jenas.html",Honours of Jermaine Jenas
"/sdd/edimar/Desktop/doutorado/doutorado04/bases/WEIR/soccer/uk.eurosport.yahoo.com/sylvain-distin.html",Honours of Sylvain Distin
"/sdd/edimar/Desktop/doutorado/doutorado04/bases/WEIR/soccer/uk.eurosport.yahoo.com/mamadou-niang.html",Honours of Mamadou Niang
"/sdd/edimar/Desktop/doutorado/doutorado04/bases/WEIR/soccer/uk.eurosport.yahoo.com/brad-friedel.html",Honours of Brad Friedel
"/sdd/edimar/Desktop/doutorado/doutorado04/bases/WEIR/soccer/uk.eurosport.yahoo.com/kenny-miller.html",Honours of Kenny Miller
"/sdd/edimar/Desktop/doutorado/doutorado04/bases/WEIR/soccer/uk.eurosport.yahoo.com/sulleyali-muntari.html",Honours of Sulley Ali Muntari
"/sdd/edimar/Desktop/doutorado/doutorado04/bases/WEIR/soccer/uk.eurosport.yahoo.com/florian-marange.html",Honours of Florian Marange
"/sdd/edimar/Desktop/doutorado/doutorado04/bases/WEIR/soccer/uk.eurosport.yahoo.com/nwankwo-kanu.html",Honours of Nwankwo Kanu
"/sdd/edimar/Desktop/doutorado/doutorado04/bases/WEIR/soccer/uk.eurosport.yahoo.com/pablo-aimar.html",Honours of Pablo Aimar
"/sdd/edimar/Desktop/doutorado/doutorado04/bases/WEIR/soccer/uk.eurosport.yahoo.com/david-bentley.html",Honours of David Bentley
"/sdd/edimar/Desktop/doutorado/doutorado04/bases/WEIR/soccer/uk.eurosport.yahoo.com/nicky-butt.html",Honours of Nicky Butt
"/sdd/edimar/Desktop/doutorado/doutorado04/bases/WEIR/soccer/uk.eurosport.yahoo.com/ronaldo.html",Honours of Ronaldo
"/sdd/edimar/Desktop/doutorado/doutorado04/bases/WEIR/soccer/uk.eurosport.yahoo.com/sonny-anderson.html",Honours of Sonny Anderson
"/sdd/edimar/Desktop/doutorado/doutorado04/bases/WEIR/soccer/uk.eurosport.yahoo.com/kim.html",Honours of Kim
"/sdd/edimar/Desktop/doutorado/doutorado04/bases/WEIR/soccer/uk.eurosport.yahoo.com/michel-platini.html",Honours of Michel Platini
"/sdd/edimar/Desktop/doutorado/doutorado04/bases/WEIR/soccer/uk.eurosport.yahoo.com/timmy-simons.html",Honours of Timmy Simons
"/sdd/edimar/Desktop/doutorado/doutorado04/bases/WEIR/soccer/uk.eurosport.yahoo.com/john-oshea.html",Honours of John O'shea
"/sdd/edimar/Desktop/doutorado/doutorado04/bases/WEIR/soccer/uk.eurosport.yahoo.com/stephen-pearson.html",Honours of Stephen Pearson
"/sdd/edimar/Desktop/doutorado/doutorado04/bases/WEIR/soccer/uk.eurosport.yahoo.com/rafael-vandervaart.html",Honours of Rafael Van der vaart
"/sdd/edimar/Desktop/doutorado/doutorado04/bases/WEIR/soccer/uk.eurosport.yahoo.com/walter-pandiani.html",Honours of Walter Pandiani
"/sdd/edimar/Desktop/doutorado/doutorado04/bases/WEIR/soccer/uk.eurosport.yahoo.com/daniele-derossi.html",Honours of Daniele De rossi
"/sdd/edimar/Desktop/doutorado/doutorado04/bases/WEIR/soccer/uk.eurosport.yahoo.com/luca-toni.html",Honours of Luca Toni
"/sdd/edimar/Desktop/doutorado/doutorado04/bases/WEIR/soccer/uk.eurosport.yahoo.com/anton-ferdinand.html",Honours of Anton Ferdinand
"/sdd/edimar/Desktop/doutorado/doutorado04/bases/WEIR/soccer/uk.eurosport.yahoo.com/steven-pienaar.html",Honours of Steven Pienaar
"/sdd/edimar/Desktop/doutorado/doutorado04/bases/WEIR/soccer/uk.eurosport.yahoo.com/francesco-totti.html",Honours of Francesco Totti
"/sdd/edimar/Desktop/doutorado/doutorado04/bases/WEIR/soccer/uk.eurosport.yahoo.com/martin-demichelis.html",Honours of Martin Demichelis
"/sdd/edimar/Desktop/doutorado/doutorado04/bases/WEIR/soccer/uk.eurosport.yahoo.com/tim-howard.html",Honours of Tim Howard
"/sdd/edimar/Desktop/doutorado/doutorado04/bases/WEIR/soccer/uk.eurosport.yahoo.com/kieran-richardson.html",Honours of Kieran Richardson
"/sdd/edimar/Desktop/doutorado/doutorado04/bases/WEIR/soccer/uk.eurosport.yahoo.com/stipe-pletikosa.html",Honours of Stipe Pletikosa
"/sdd/edimar/Desktop/doutorado/doutorado04/bases/WEIR/soccer/uk.eurosport.yahoo.com/ledley-king.html",Honours of Ledley King
"/sdd/edimar/Desktop/doutorado/doutorado04/bases/WEIR/soccer/uk.eurosport.yahoo.com/cristian-rodriguez.html",Honours of Cristian Rodriguez
"/sdd/edimar/Desktop/doutorado/doutorado04/bases/WEIR/soccer/uk.eurosport.yahoo.com/simone-perrotta.html",Honours of Simone Perrotta
"/sdd/edimar/Desktop/doutorado/doutorado04/bases/WEIR/soccer/uk.eurosport.yahoo.com/scott-parker.html",Honours of Scott Parker
"/sdd/edimar/Desktop/doutorado/doutorado04/bases/WEIR/soccer/uk.eurosport.yahoo.com/shaun-wrightphillips.html",Honours of Shaun Wright-phillips
"/sdd/edimar/Desktop/doutorado/doutorado04/bases/WEIR/soccer/uk.eurosport.yahoo.com/fabio-rochemback.html",Honours of Fabio Rochemback
"/sdd/edimar/Desktop/doutorado/doutorado04/bases/WEIR/soccer/uk.eurosport.yahoo.com/david-james.html",Honours of David James
"/sdd/edimar/Desktop/doutorado/doutorado04/bases/WEIR/soccer/uk.eurosport.yahoo.com/alan-hutton.html",Honours of Alan Hutton
"/sdd/edimar/Desktop/doutorado/doutorado04/bases/WEIR/soccer/uk.eurosport.yahoo.com/iker-casillas.html",Honours of Iker Casillas
"/sdd/edimar/Desktop/doutorado/doutorado04/bases/WEIR/soccer/uk.eurosport.yahoo.com/mikel-arteta.html",Honours of Mikel Arteta
"/sdd/edimar/Desktop/doutorado/doutorado04/bases/WEIR/soccer/uk.eurosport.yahoo.com/ivanramos-ivancampo.html",Honours of Ivan Ramos Ivan campo
"/sdd/edimar/Desktop/doutorado/doutorado04/bases/WEIR/soccer/uk.eurosport.yahoo.com/roque-santacruz.html",Honours of Roque Santa cruz
"/sdd/edimar/Desktop/doutorado/doutorado04/bases/WEIR/soccer/uk.eurosport.yahoo.com/christian-wilhelmsson.html",Honours of Christian Wilhelmsson
"/sdd/edimar/Desktop/doutorado/doutorado04/bases/WEIR/soccer/uk.eurosport.yahoo.com/alessandro-delpiero.html",Honours of Alessandro Del piero
"/sdd/edimar/Desktop/doutorado/doutorado04/bases/WEIR/soccer/uk.eurosport.yahoo.com/lee-cattermole.html",Honours of Lee Cattermole
"/sdd/edimar/Desktop/doutorado/doutorado04/bases/WEIR/soccer/uk.eurosport.yahoo.com/modeste-mbami.html",Honours of Modeste M'bami
"/sdd/edimar/Desktop/doutorado/doutorado04/bases/WEIR/soccer/uk.eurosport.yahoo.com/vincenzo-iaquinta.html",Honours of Vincenzo Iaquinta
"/sdd/edimar/Desktop/doutorado/doutorado04/bases/WEIR/soccer/uk.eurosport.yahoo.com/stelios-giannakopoulos.html",Honours of Stelios Giannakopoulos
"/sdd/edimar/Desktop/doutorado/doutorado04/bases/WEIR/soccer/uk.eurosport.yahoo.com/jeremie-aliadiere.html",Honours of Jeremie Aliadiere
"/sdd/edimar/Desktop/doutorado/doutorado04/bases/WEIR/soccer/uk.eurosport.yahoo.com/florent-malouda.html",Honours of Florent Malouda
"/sdd/edimar/Desktop/doutorado/doutorado04/bases/WEIR/soccer/uk.eurosport.yahoo.com/josemaria-guti.html",Honours of Jose Maria Guti
"/sdd/edimar/Desktop/doutorado/doutorado04/bases/WEIR/soccer/uk.eurosport.yahoo.com/jussi-jaaskelainen.html",Honours of Jussi Jaaskelainen
"/sdd/edimar/Desktop/doutorado/doutorado04/bases/WEIR/soccer/uk.eurosport.yahoo.com/alvaro-recoba.html",Honours of Alvaro Recoba
"/sdd/edimar/Desktop/doutorado/doutorado04/bases/WEIR/soccer/uk.eurosport.yahoo.com/kim-kallstrom.html",Honours of Kim Kallstrom
"/sdd/edimar/Desktop/doutorado/doutorado04/bases/WEIR/soccer/uk.eurosport.yahoo.com/demirel-volkan.html",Honours of Demirel Volkan
"/sdd/edimar/Desktop/doutorado/doutorado04/bases/WEIR/soccer/uk.eurosport.yahoo.com/emmanuel-eboue.html",Honours of Emmanuel Eboue
"/sdd/edimar/Desktop/doutorado/doutorado04/bases/WEIR/soccer/uk.eurosport.yahoo.com/santiago-canizares.html",Honours of Santiago Canizares
"/sdd/edimar/Desktop/doutorado/doutorado04/bases/WEIR/soccer/uk.eurosport.yahoo.com/geremi.html",Honours of Geremi
"/sdd/edimar/Desktop/doutorado/doutorado04/bases/WEIR/soccer/uk.eurosport.yahoo.com/shunsuke-nakamura.html",Honours of Shunsuke Nakamura
"/sdd/edimar/Desktop/doutorado/doutorado04/bases/WEIR/soccer/uk.eurosport.yahoo.com/ahmed-hassan.html",Honours of Ahmed Hassan
"/sdd/edimar/Desktop/doutorado/doutorado04/bases/WEIR/soccer/uk.eurosport.yahoo.com/sanli-tuncay.html",Honours of Sanli Tuncay
"/sdd/edimar/Desktop/doutorado/doutorado04/bases/WEIR/soccer/uk.eurosport.yahoo.com/hatem-benarfa.html",Honours of Hatem Ben arfa
"/sdd/edimar/Desktop/doutorado/doutorado04/bases/WEIR/soccer/uk.eurosport.yahoo.com/ibrahim-afellay.html",Honours of Ibrahim Afellay
"/sdd/edimar/Desktop/doutorado/doutorado04/bases/WEIR/soccer/uk.eurosport.yahoo.com/tim-cahill.html",Honours of Tim Cahill
"/sdd/edimar/Desktop/doutorado/doutorado04/bases/WEIR/soccer/uk.eurosport.yahoo.com/wayne-rooney.html",Honours of Wayne Rooney
"/sdd/edimar/Desktop/doutorado/doutorado04/bases/WEIR/soccer/uk.eurosport.yahoo.com/mohamed-shawky.html",Honours of Mohamed Shawky
"/sdd/edimar/Desktop/doutorado/doutorado04/bases/WEIR/soccer/uk.eurosport.yahoo.com/robert-kovac.html",Honours of Robert Kovac
"/sdd/edimar/Desktop/doutorado/doutorado04/bases/WEIR/soccer/uk.eurosport.yahoo.com/clemens-fritz.html",Honours of Clemens Fritz
"/sdd/edimar/Desktop/doutorado/doutorado04/bases/WEIR/soccer/uk.eurosport.yahoo.com/niko-kranjcar.html",Honours of Niko Kranjcar
"/sdd/edimar/Desktop/doutorado/doutorado04/bases/WEIR/soccer/uk.eurosport.yahoo.com/javier-zanetti.html",Honours of Javier Zanetti
"/sdd/edimar/Desktop/doutorado/doutorado04/bases/WEIR/soccer/uk.eurosport.yahoo.com/sidney-govou.html",Honours of Sidney Govou
"/sdd/edimar/Desktop/doutorado/doutorado04/bases/WEIR/soccer/uk.eurosport.yahoo.com/gabriel-heinze.html",Honours of Gabriel Heinze
"/sdd/edimar/Desktop/doutorado/doutorado04/bases/WEIR/soccer/uk.eurosport.yahoo.com/nicky-hunt.html",Honours of Nicky Hunt
"/sdd/edimar/Desktop/doutorado/doutorado04/bases/WEIR/soccer/uk.eurosport.yahoo.com/adrian-mutu.html",Honours of Adrian Mutu
"/sdd/edimar/Desktop/doutorado/doutorado04/bases/WEIR/soccer/uk.eurosport.yahoo.com/gareth-barry.html",Honours of Gareth Barry
"/sdd/edimar/Desktop/doutorado/doutorado04/bases/WEIR/soccer/uk.eurosport.yahoo.com/philipp-lahm.html",Honours of Philipp Lahm
"/sdd/edimar/Desktop/doutorado/doutorado04/bases/WEIR/soccer/uk.eurosport.yahoo.com/obafemi-martins.html",Honours of Obafemi Martins
"/sdd/edimar/Desktop/doutorado/doutorado04/bases/WEIR/soccer/uk.eurosport.yahoo.com/ivica-olic.html",Honours of Ivica Olic
"/sdd/edimar/Desktop/doutorado/doutorado04/bases/WEIR/soccer/uk.eurosport.yahoo.com/hakan-yakin.html",Honours of Hakan Yakin
"/sdd/edimar/Desktop/doutorado/doutorado04/bases/WEIR/soccer/uk.eurosport.yahoo.com/vedran-corluka.html",Honours of Vedran Corluka
"/sdd/edimar/Desktop/doutorado/doutorado04/bases/WEIR/soccer/uk.eurosport.yahoo.com/jari-litmanen.html",Honours of Jari Litmanen
"/sdd/edimar/Desktop/doutorado/doutorado04/bases/WEIR/soccer/uk.eurosport.yahoo.com/nani.html",Honours of Nani
"/sdd/edimar/Desktop/doutorado/doutorado04/bases/WEIR/soccer/uk.eurosport.yahoo.com/georgios-samaras.html",Honours of Georgios Samaras
"/sdd/edimar/Desktop/doutorado/doutorado04/bases/WEIR/soccer/uk.eurosport.yahoo.com/michael-duberry.html",Honours of Michael Duberry
"/sdd/edimar/Desktop/doutorado/doutorado04/bases/WEIR/soccer/uk.eurosport.yahoo.com/frdric-kanoute.html",Honours of Frédéric Kanoute
"/sdd/edimar/Desktop/doutorado/doutorado04/bases/WEIR/soccer/uk.eurosport.yahoo.com/harry-kewell.html",Honours of Harry Kewell
"/sdd/edimar/Desktop/doutorado/doutorado04/bases/WEIR/soccer/uk.eurosport.yahoo.com/daniel-braaten.html",Honours of Daniel Braaten
"/sdd/edimar/Desktop/doutorado/doutorado04/bases/WEIR/soccer/uk.eurosport.yahoo.com/george-boateng.html",Honours of George Boateng
"/sdd/edimar/Desktop/doutorado/doutorado04/bases/WEIR/soccer/uk.eurosport.yahoo.com/josip-simunic.html",Honours of Josip Simunic
"/sdd/edimar/Desktop/doutorado/doutorado04/bases/WEIR/soccer/uk.eurosport.yahoo.com/raul-meireles.html",Honours of Raul Meireles
"/sdd/edimar/Desktop/doutorado/doutorado04/bases/WEIR/soccer/uk.eurosport.yahoo.com/giannis-goumas.html",Honours of Giannis Goumas
"/sdd/edimar/Desktop/doutorado/doutorado04/bases/WEIR/soccer/uk.eurosport.yahoo.com/craig-gordon.html",Honours of Craig Gordon
"/sdd/edimar/Desktop/doutorado/doutorado04/bases/WEIR/soccer/uk.eurosport.yahoo.com/franck-ribery.html",Honours of Franck Ribery
"/sdd/edimar/Desktop/doutorado/doutorado04/bases/WEIR/soccer/uk.eurosport.yahoo.com/scott-chipperfield.html",Honours of Scott Chipperfield
"/sdd/edimar/Desktop/doutorado/doutorado04/bases/WEIR/soccer/uk.eurosport.yahoo.com/lorik-cana.html",Honours of Lorik Cana
"/sdd/edimar/Desktop/doutorado/doutorado04/bases/WEIR/soccer/uk.eurosport.yahoo.com/mario-balotelli.html",Honours of Mario Balotelli
"/sdd/edimar/Desktop/doutorado/doutorado04/bases/WEIR/soccer/uk.eurosport.yahoo.com/jens-lehmann.html",Honours of Jens Lehmann
"/sdd/edimar/Desktop/doutorado/doutorado04/bases/WEIR/soccer/uk.eurosport.yahoo.com/paul-hartley.html",Honours of Paul Hartley
"/sdd/edimar/Desktop/doutorado/doutorado04/bases/WEIR/soccer/uk.eurosport.yahoo.com/sergioramos.html",Honours of Sergio ramos
"/sdd/edimar/Desktop/doutorado/doutorado04/bases/WEIR/soccer/uk.eurosport.yahoo.com/ricardocarvalho.html",Honours of Ricardo carvalho
"/sdd/edimar/Desktop/doutorado/doutorado04/bases/WEIR/soccer/uk.eurosport.yahoo.com/rigobert-song.html",Honours of Rigobert Song
"/sdd/edimar/Desktop/doutorado/doutorado04/bases/WEIR/soccer/uk.eurosport.yahoo.com/seydou-keita.html",Honours of Seydou Keita
"/sdd/edimar/Desktop/doutorado/doutorado04/bases/WEIR/soccer/uk.eurosport.yahoo.com/diego-forlan.html",Honours of Diego Forlan
"/sdd/edimar/Desktop/doutorado/doutorado04/bases/WEIR/soccer/uk.eurosport.yahoo.com/nder-turaci.html",Honours of Önder Turaci
"/sdd/edimar/Desktop/doutorado/doutorado04/bases/WEIR/soccer/uk.eurosport.yahoo.com/aaron-lennon.html",Honours of Aaron Lennon
"/sdd/edimar/Desktop/doutorado/doutorado04/bases/WEIR/soccer/uk.eurosport.yahoo.com/benjani.html",Honours of Benjani
"/sdd/edimar/Desktop/doutorado/doutorado04/bases/WEIR/soccer/uk.eurosport.yahoo.com/barry-ferguson.html",Honours of Barry Ferguson
"/sdd/edimar/Desktop/doutorado/doutorado04/bases/WEIR/soccer/uk.eurosport.yahoo.com/andreas-hinkel.html",Honours of Andreas Hinkel
"/sdd/edimar/Desktop/doutorado/doutorado04/bases/WEIR/soccer/uk.eurosport.yahoo.com/johan-elmander.html",Honours of Johan Elmander
"/sdd/edimar/Desktop/doutorado/doutorado04/bases/WEIR/soccer/uk.eurosport.yahoo.com/robert-huth.html",Honours of Robert Huth
"/sdd/edimar/Desktop/doutorado/doutorado04/bases/WEIR/soccer/uk.eurosport.yahoo.com/raymond-domenech.html",Honours of Raymond Domenech
"/sdd/edimar/Desktop/doutorado/doutorado04/bases/WEIR/soccer/uk.eurosport.yahoo.com/shabani-nonda.html",Honours of Shabani Nonda
"/sdd/edimar/Desktop/doutorado/doutorado04/bases/WEIR/soccer/uk.eurosport.yahoo.com/ben-foster.html",Honours of Ben Foster
"/sdd/edimar/Desktop/doutorado/doutorado04/bases/WEIR/soccer/uk.eurosport.yahoo.com/nicolas-anelka.html",Honours of Nicolas Anelka
"/sdd/edimar/Desktop/doutorado/doutorado04/bases/WEIR/soccer/uk.eurosport.yahoo.com/pedro-mendes.html",Honours of Pedro Mendes
"/sdd/edimar/Desktop/doutorado/doutorado04/bases/WEIR/soccer/uk.eurosport.yahoo.com/habib-beye.html",Honours of Habib Beye
"/sdd/edimar/Desktop/doutorado/doutorado04/bases/WEIR/soccer/uk.eurosport.yahoo.com/niclas-alexandersson.html",Honours of Niclas Alexandersson
"/sdd/edimar/Desktop/doutorado/doutorado04/bases/WEIR/soccer/uk.eurosport.yahoo.com/peter-crouch.html",Honours of Peter Crouch
"/sdd/edimar/Desktop/doutorado/doutorado04/bases/WEIR/soccer/uk.eurosport.yahoo.com/marc-crosas.html",Honours of Marc Crosas
"/sdd/edimar/Desktop/doutorado/doutorado04/bases/WEIR/soccer/uk.eurosport.yahoo.com/jerzy-dudek.html",Honours of Jerzy Dudek
"/sdd/edimar/Desktop/doutorado/doutorado04/bases/WEIR/soccer/uk.eurosport.yahoo.com/sami-hyypia.html",Honours of Sami Hyypia
"/sdd/edimar/Desktop/doutorado/doutorado04/bases/WEIR/soccer/uk.eurosport.yahoo.com/jermaine-pennant.html",Honours of Jermaine Pennant
"/sdd/edimar/Desktop/doutorado/doutorado04/bases/WEIR/soccer/uk.eurosport.yahoo.com/frank-lampard.html",Honours of Frank Lampard
"/sdd/edimar/Desktop/doutorado/doutorado04/bases/WEIR/soccer/uk.eurosport.yahoo.com/ousmane-dabo.html",Honours of Ousmane Dabo
"/sdd/edimar/Desktop/doutorado/doutorado04/bases/WEIR/soccer/uk.eurosport.yahoo.com/stephen-appiah.html",Honours of Stephen Appiah
"/sdd/edimar/Desktop/doutorado/doutorado04/bases/WEIR/soccer/uk.eurosport.yahoo.com/david-trezeguet.html",Honours of David Trezeguet
"/sdd/edimar/Desktop/doutorado/doutorado04/bases/WEIR/soccer/uk.eurosport.yahoo.com/antti-niemi.html",Honours of Antti Niemi
"/sdd/edimar/Desktop/doutorado/doutorado04/bases/WEIR/soccer/uk.eurosport.yahoo.com/carlos-villanueva.html",Honours of Carlos Villanueva
"/sdd/edimar/Desktop/doutorado/doutorado04/bases/WEIR/soccer/uk.eurosport.yahoo.com/daniel-vanbuyten.html",Honours of Daniel Van buyten
"/sdd/edimar/Desktop/doutorado/doutorado04/bases/WEIR/soccer/uk.eurosport.yahoo.com/stuart-parnaby.html",Honours of Stuart Parnaby
"/sdd/edimar/Desktop/doutorado/doutorado04/bases/WEIR/soccer/uk.eurosport.yahoo.com/paul-scholes.html",Honours of Paul Scholes
"/sdd/edimar/Desktop/doutorado/doutorado04/bases/WEIR/soccer/uk.eurosport.yahoo.com/lionel-messi.html",Honours of Lionel Messi
"/sdd/edimar/Desktop/doutorado/doutorado04/bases/WEIR/soccer/uk.eurosport.yahoo.com/albert-riera.html",Honours of Albert Riera
"/sdd/edimar/Desktop/doutorado/doutorado04/bases/WEIR/soccer/uk.eurosport.yahoo.com/diego-lopez.html",Honours of Diego Lopez
"/sdd/edimar/Desktop/doutorado/doutorado04/bases/WEIR/soccer/uk.eurosport.yahoo.com/emile-heskey.html",Honours of Emile Heskey
"/sdd/edimar/Desktop/doutorado/doutorado04/bases/WEIR/soccer/uk.eurosport.yahoo.com/taye-taiwo.html",Honours of Taye Taiwo
"/sdd/edimar/Desktop/doutorado/doutorado04/bases/WEIR/soccer/uk.eurosport.yahoo.com/johnobi-mikel.html",Honours of John Obi Mikel
"/sdd/edimar/Desktop/doutorado/doutorado04/bases/WEIR/soccer/uk.eurosport.yahoo.com/michael-rensing.html",Honours of Michael Rensing
"/sdd/edimar/Desktop/doutorado/doutorado04/bases/WEIR/soccer/uk.eurosport.yahoo.com/dirk-kuyt.html",Honours of Dirk Kuyt
"/sdd/edimar/Desktop/doutorado/doutorado04/bases/WEIR/soccer/uk.eurosport.yahoo.com/fredrik-ljungberg.html",Honours of Fredrik Ljungberg
"/sdd/edimar/Desktop/doutorado/doutorado04/bases/WEIR/soccer/uk.eurosport.yahoo.com/paolo-maldini.html",Honours of Paolo Maldini
"/sdd/edimar/Desktop/doutorado/doutorado04/bases/WEIR/soccer/uk.eurosport.yahoo.com/ronald-zubar.html",Honours of Ronald Zubar
"/sdd/edimar/Desktop/doutorado/doutorado04/bases/WEIR/soccer/uk.eurosport.yahoo.com/dietmar-hamann.html",Honours of Dietmar Hamann
"/sdd/edimar/Desktop/doutorado/doutorado04/bases/WEIR/soccer/uk.eurosport.yahoo.com/louis-saha.html",Honours of Louis Saha
"/sdd/edimar/Desktop/doutorado/doutorado04/bases/WEIR/soccer/uk.eurosport.yahoo.com/abdoulaye-meite.html",Honours of Abdoulaye Meite
