URL,EXTRACTED VALUE
"/sdd/edimar/Desktop/doutorado/doutorado04/bases/WEIR/soccer/uk.eurosport.yahoo.com/pepe.html",Pepe
"/sdd/edimar/Desktop/doutorado/doutorado04/bases/WEIR/soccer/uk.eurosport.yahoo.com/gonzalo-higuain.html",Gonzalo Higuain
"/sdd/edimar/Desktop/doutorado/doutorado04/bases/WEIR/soccer/uk.eurosport.yahoo.com/alexandre-songbillong.html",Alexandre Song billong
"/sdd/edimar/Desktop/doutorado/doutorado04/bases/WEIR/soccer/uk.eurosport.yahoo.com/franck-jurietti.html",Franck Jurietti
"/sdd/edimar/Desktop/doutorado/doutorado04/bases/WEIR/soccer/uk.eurosport.yahoo.com/younes-kaboul.html",Younes Kaboul
"/sdd/edimar/Desktop/doutorado/doutorado04/bases/WEIR/soccer/uk.eurosport.yahoo.com/benedict-mccarthy.html",Benedict Mccarthy
"/sdd/edimar/Desktop/doutorado/doutorado04/bases/WEIR/soccer/uk.eurosport.yahoo.com/roman-pavlyuchenko.html",Roman Pavlyuchenko
"/sdd/edimar/Desktop/doutorado/doutorado04/bases/WEIR/soccer/uk.eurosport.yahoo.com/gerard-pique.html",Gerard Pique
"/sdd/edimar/Desktop/doutorado/doutorado04/bases/WEIR/soccer/uk.eurosport.yahoo.com/dickson-etuhu.html",Dickson Etuhu
"/sdd/edimar/Desktop/doutorado/doutorado04/bases/WEIR/soccer/uk.eurosport.yahoo.com/paul-konchesky.html",Paul Konchesky
"/sdd/edimar/Desktop/doutorado/doutorado04/bases/WEIR/soccer/uk.eurosport.yahoo.com/giorgio-chiellini.html",Giorgio Chiellini
"/sdd/edimar/Desktop/doutorado/doutorado04/bases/WEIR/soccer/uk.eurosport.yahoo.com/alexandros-tziolis.html",Alexandros Tziolis
"/sdd/edimar/Desktop/doutorado/doutorado04/bases/WEIR/soccer/uk.eurosport.yahoo.com/olivier-kapo.html",Olivier Kapo
"/sdd/edimar/Desktop/doutorado/doutorado04/bases/WEIR/soccer/uk.eurosport.yahoo.com/marco-marchionni.html",Marco Marchionni
"/sdd/edimar/Desktop/doutorado/doutorado04/bases/WEIR/soccer/uk.eurosport.yahoo.com/nicky-shorey.html",Nicky Shorey
"/sdd/edimar/Desktop/doutorado/doutorado04/bases/WEIR/soccer/uk.eurosport.yahoo.com/pascal-cygan.html",Pascal Cygan
"/sdd/edimar/Desktop/doutorado/doutorado04/bases/WEIR/soccer/uk.eurosport.yahoo.com/karim-benzema.html",Karim Benzema
"/sdd/edimar/Desktop/doutorado/doutorado04/bases/WEIR/soccer/uk.eurosport.yahoo.com/wesley-brown.html",Wesley Brown
"/sdd/edimar/Desktop/doutorado/doutorado04/bases/WEIR/soccer/uk.eurosport.yahoo.com/alan-stubbs.html",Alan Stubbs
"/sdd/edimar/Desktop/doutorado/doutorado04/bases/WEIR/soccer/uk.eurosport.yahoo.com/fabrice-muamba.html",Fabrice Muamba
"/sdd/edimar/Desktop/doutorado/doutorado04/bases/WEIR/soccer/uk.eurosport.yahoo.com/kevin-davies.html",Kevin Davies
"/sdd/edimar/Desktop/doutorado/doutorado04/bases/WEIR/soccer/uk.eurosport.yahoo.com/didier-zokora.html",Didier Zokora
"/sdd/edimar/Desktop/doutorado/doutorado04/bases/WEIR/soccer/uk.eurosport.yahoo.com/antoine-sibierski.html",Antoine Sibierski
"/sdd/edimar/Desktop/doutorado/doutorado04/bases/WEIR/soccer/uk.eurosport.yahoo.com/ben-sahar.html",Ben Sahar
"/sdd/edimar/Desktop/doutorado/doutorado04/bases/WEIR/soccer/uk.eurosport.yahoo.com/james-harper.html",James Harper
"/sdd/edimar/Desktop/doutorado/doutorado04/bases/WEIR/soccer/uk.eurosport.yahoo.com/daniel-gygax.html",Daniel Gygax
"/sdd/edimar/Desktop/doutorado/doutorado04/bases/WEIR/soccer/uk.eurosport.yahoo.com/sibusiso-zuma.html",Sibusiso Zuma
"/sdd/edimar/Desktop/doutorado/doutorado04/bases/WEIR/soccer/uk.eurosport.yahoo.com/shay-given.html",Shay Given
"/sdd/edimar/Desktop/doutorado/doutorado04/bases/WEIR/soccer/uk.eurosport.yahoo.com/markus-rosenberg.html",Markus Rosenberg
"/sdd/edimar/Desktop/doutorado/doutorado04/bases/WEIR/soccer/uk.eurosport.yahoo.com/aaron-hunt.html",Aaron Hunt
"/sdd/edimar/Desktop/doutorado/doutorado04/bases/WEIR/soccer/uk.eurosport.yahoo.com/martin-laursen.html",Martin Laursen
"/sdd/edimar/Desktop/doutorado/doutorado04/bases/WEIR/soccer/uk.eurosport.yahoo.com/ashley-young.html",Ashley Young
"/sdd/edimar/Desktop/doutorado/doutorado04/bases/WEIR/soccer/uk.eurosport.yahoo.com/amara-diane.html",Amara Diane
"/sdd/edimar/Desktop/doutorado/doutorado04/bases/WEIR/soccer/uk.eurosport.yahoo.com/yoann-gourcuff.html",Yoann Gourcuff
"/sdd/edimar/Desktop/doutorado/doutorado04/bases/WEIR/soccer/uk.eurosport.yahoo.com/william-gallas.html",William Gallas
"/sdd/edimar/Desktop/doutorado/doutorado04/bases/WEIR/soccer/uk.eurosport.yahoo.com/ryan-giggs.html",Ryan Giggs
"/sdd/edimar/Desktop/doutorado/doutorado04/bases/WEIR/soccer/uk.eurosport.yahoo.com/claudio-cacapa.html",Claudio Cacapa
"/sdd/edimar/Desktop/doutorado/doutorado04/bases/WEIR/soccer/uk.eurosport.yahoo.com/cristianoronaldo.html",Cristiano ronaldo
"/sdd/edimar/Desktop/doutorado/doutorado04/bases/WEIR/soccer/uk.eurosport.yahoo.com/andreas-isaksson.html",Andreas Isaksson
"/sdd/edimar/Desktop/doutorado/doutorado04/bases/WEIR/soccer/uk.eurosport.yahoo.com/gary-neville.html",Gary Neville
"/sdd/edimar/Desktop/doutorado/doutorado04/bases/WEIR/soccer/uk.eurosport.yahoo.com/wayne-bridge.html",Wayne Bridge
"/sdd/edimar/Desktop/doutorado/doutorado04/bases/WEIR/soccer/uk.eurosport.yahoo.com/charles-kabore.html",Charles Kabore
"/sdd/edimar/Desktop/doutorado/doutorado04/bases/WEIR/soccer/uk.eurosport.yahoo.com/wesley-sneijder.html",Wesley Sneijder
"/sdd/edimar/Desktop/doutorado/doutorado04/bases/WEIR/soccer/uk.eurosport.yahoo.com/erik-edman.html",Erik Edman
"/sdd/edimar/Desktop/doutorado/doutorado04/bases/WEIR/soccer/uk.eurosport.yahoo.com/francesc-fabregas.html",Francesc Fabregas
"/sdd/edimar/Desktop/doutorado/doutorado04/bases/WEIR/soccer/uk.eurosport.yahoo.com/kevin-doyle.html",Kevin Doyle
"/sdd/edimar/Desktop/doutorado/doutorado04/bases/WEIR/soccer/uk.eurosport.yahoo.com/vicente.html",Vicente
"/sdd/edimar/Desktop/doutorado/doutorado04/bases/WEIR/soccer/uk.eurosport.yahoo.com/carlos-bocanegra.html",Carlos Bocanegra
"/sdd/edimar/Desktop/doutorado/doutorado04/bases/WEIR/soccer/uk.eurosport.yahoo.com/riccardo-montolivo.html",Riccardo Montolivo
"/sdd/edimar/Desktop/doutorado/doutorado04/bases/WEIR/soccer/uk.eurosport.yahoo.com/tomas-rosicky.html",Tomas Rosicky
"/sdd/edimar/Desktop/doutorado/doutorado04/bases/WEIR/soccer/uk.eurosport.yahoo.com/marc-planus.html",Marc Planus
"/sdd/edimar/Desktop/doutorado/doutorado04/bases/WEIR/soccer/uk.eurosport.yahoo.com/scott-sinclair.html",Scott Sinclair
"/sdd/edimar/Desktop/doutorado/doutorado04/bases/WEIR/soccer/uk.eurosport.yahoo.com/daniel-cousin.html",Daniel Cousin
"/sdd/edimar/Desktop/doutorado/doutorado04/bases/WEIR/soccer/uk.eurosport.yahoo.com/bastian-schweinsteiger.html",Bastian Schweinsteiger
"/sdd/edimar/Desktop/doutorado/doutorado04/bases/WEIR/soccer/uk.eurosport.yahoo.com/ashley-cole.html",Ashley Cole
"/sdd/edimar/Desktop/doutorado/doutorado04/bases/WEIR/soccer/uk.eurosport.yahoo.com/ian-harte.html",Ian Harte
"/sdd/edimar/Desktop/doutorado/doutorado04/bases/WEIR/soccer/uk.eurosport.yahoo.com/jisung-park.html",Ji-sung Park
"/sdd/edimar/Desktop/doutorado/doutorado04/bases/WEIR/soccer/uk.eurosport.yahoo.com/andy-cole.html",Andy Cole
"/sdd/edimar/Desktop/doutorado/doutorado04/bases/WEIR/soccer/uk.eurosport.yahoo.com/daryl-murphy.html",Daryl Murphy
"/sdd/edimar/Desktop/doutorado/doutorado04/bases/WEIR/soccer/uk.eurosport.yahoo.com/leighton-baines.html",Leighton Baines
"/sdd/edimar/Desktop/doutorado/doutorado04/bases/WEIR/soccer/uk.eurosport.yahoo.com/vassirikiabou-diaby.html",Vassiriki abou Diaby
"/sdd/edimar/Desktop/doutorado/doutorado04/bases/WEIR/soccer/uk.eurosport.yahoo.com/javier-mascherano.html",Javier Mascherano
"/sdd/edimar/Desktop/doutorado/doutorado04/bases/WEIR/soccer/uk.eurosport.yahoo.com/antonio-chimenti.html",Antonio Chimenti
"/sdd/edimar/Desktop/doutorado/doutorado04/bases/WEIR/soccer/uk.eurosport.yahoo.com/mauro-zarate.html",Mauro Zarate
"/sdd/edimar/Desktop/doutorado/doutorado04/bases/WEIR/soccer/uk.eurosport.yahoo.com/patrick-vieira.html",Patrick Vieira
"/sdd/edimar/Desktop/doutorado/doutorado04/bases/WEIR/soccer/uk.eurosport.yahoo.com/glen-johnson.html",Glen Johnson
"/sdd/edimar/Desktop/doutorado/doutorado04/bases/WEIR/soccer/uk.eurosport.yahoo.com/steve-harper.html",Steve Harper
"/sdd/edimar/Desktop/doutorado/doutorado04/bases/WEIR/soccer/uk.eurosport.yahoo.com/stilian-petrov.html",Stilian Petrov
"/sdd/edimar/Desktop/doutorado/doutorado04/bases/WEIR/soccer/uk.eurosport.yahoo.com/valon-behrami.html",Valon Behrami
"/sdd/edimar/Desktop/doutorado/doutorado04/bases/WEIR/soccer/uk.eurosport.yahoo.com/michael-owen.html",Michael Owen
"/sdd/edimar/Desktop/doutorado/doutorado04/bases/WEIR/soccer/uk.eurosport.yahoo.com/oliver-kahn.html",Oliver Kahn
"/sdd/edimar/Desktop/doutorado/doutorado04/bases/WEIR/soccer/uk.eurosport.yahoo.com/andrew-johnson.html",Andrew Johnson
"/sdd/edimar/Desktop/doutorado/doutorado04/bases/WEIR/soccer/uk.eurosport.yahoo.com/michael-essien.html",Michael Essien
"/sdd/edimar/Desktop/doutorado/doutorado04/bases/WEIR/soccer/uk.eurosport.yahoo.com/marlon-harewood.html",Marlon Harewood
"/sdd/edimar/Desktop/doutorado/doutorado04/bases/WEIR/soccer/uk.eurosport.yahoo.com/jason-roberts.html",Jason Roberts
"/sdd/edimar/Desktop/doutorado/doutorado04/bases/WEIR/soccer/uk.eurosport.yahoo.com/vitali-rodionov.html",Vitali Rodionov
"/sdd/edimar/Desktop/doutorado/doutorado04/bases/WEIR/soccer/uk.eurosport.yahoo.com/martin-skrtel.html",Martin Skrtel
"/sdd/edimar/Desktop/doutorado/doutorado04/bases/WEIR/soccer/uk.eurosport.yahoo.com/steven-gerrard.html",Steven Gerrard
"/sdd/edimar/Desktop/doutorado/doutorado04/bases/WEIR/soccer/uk.eurosport.yahoo.com/martin-jorgensen.html",Martin Jorgensen
"/sdd/edimar/Desktop/doutorado/doutorado04/bases/WEIR/soccer/uk.eurosport.yahoo.com/sebastian-larsson.html",Sebastian Larsson
"/sdd/edimar/Desktop/doutorado/doutorado04/bases/WEIR/soccer/uk.eurosport.yahoo.com/mahamadou-diarra.html",Mahamadou Diarra
"/sdd/edimar/Desktop/doutorado/doutorado04/bases/WEIR/soccer/uk.eurosport.yahoo.com/robbie-keane.html",Robbie Keane
"/sdd/edimar/Desktop/doutorado/doutorado04/bases/WEIR/soccer/uk.eurosport.yahoo.com/michael-ball.html",Michael Ball
"/sdd/edimar/Desktop/doutorado/doutorado04/bases/WEIR/soccer/uk.eurosport.yahoo.com/jrmy-toulalan.html",Jérémy Toulalan
"/sdd/edimar/Desktop/doutorado/doutorado04/bases/WEIR/soccer/uk.eurosport.yahoo.com/shaun-maloney.html",Shaun Maloney
"/sdd/edimar/Desktop/doutorado/doutorado04/bases/WEIR/soccer/uk.eurosport.yahoo.com/bakari-sagna.html",Bakari Sagna
"/sdd/edimar/Desktop/doutorado/doutorado04/bases/WEIR/soccer/uk.eurosport.yahoo.com/fernando.html",Fernando
"/sdd/edimar/Desktop/doutorado/doutorado04/bases/WEIR/soccer/uk.eurosport.yahoo.com/paul-robinson.html",Paul Robinson
"/sdd/edimar/Desktop/doutorado/doutorado04/bases/WEIR/soccer/uk.eurosport.yahoo.com/roy-carroll.html",Roy Carroll
"/sdd/edimar/Desktop/doutorado/doutorado04/bases/WEIR/soccer/uk.eurosport.yahoo.com/arjen-robben.html",Arjen Robben
"/sdd/edimar/Desktop/doutorado/doutorado04/bases/WEIR/soccer/uk.eurosport.yahoo.com/tyrone-mears.html",Tyrone Mears
"/sdd/edimar/Desktop/doutorado/doutorado04/bases/WEIR/soccer/uk.eurosport.yahoo.com/henrik-pedersen.html",Henrik Pedersen
"/sdd/edimar/Desktop/doutorado/doutorado04/bases/WEIR/soccer/uk.eurosport.yahoo.com/lilian-thuram.html",Lilian Thuram
"/sdd/edimar/Desktop/doutorado/doutorado04/bases/WEIR/soccer/uk.eurosport.yahoo.com/robert-pires.html",Robert Pires
"/sdd/edimar/Desktop/doutorado/doutorado04/bases/WEIR/soccer/uk.eurosport.yahoo.com/stephen-ireland.html",Stephen Ireland
"/sdd/edimar/Desktop/doutorado/doutorado04/bases/WEIR/soccer/uk.eurosport.yahoo.com/roy-keane.html",Roy Keane
"/sdd/edimar/Desktop/doutorado/doutorado04/bases/WEIR/soccer/uk.eurosport.yahoo.com/justin-hoyte.html",Justin Hoyte
"/sdd/edimar/Desktop/doutorado/doutorado04/bases/WEIR/soccer/uk.eurosport.yahoo.com/kolo-toure.html",Kolo Toure
"/sdd/edimar/Desktop/doutorado/doutorado04/bases/WEIR/soccer/uk.eurosport.yahoo.com/yannick-djalo.html",Yannick Djalo
"/sdd/edimar/Desktop/doutorado/doutorado04/bases/WEIR/soccer/uk.eurosport.yahoo.com/jean-makoun.html",Jean Makoun
"/sdd/edimar/Desktop/doutorado/doutorado04/bases/WEIR/soccer/uk.eurosport.yahoo.com/antonio-cassano.html",Antonio Cassano
"/sdd/edimar/Desktop/doutorado/doutorado04/bases/WEIR/soccer/uk.eurosport.yahoo.com/ignacio-gonzalez.html",Ignacio Gonzalez
"/sdd/edimar/Desktop/doutorado/doutorado04/bases/WEIR/soccer/uk.eurosport.yahoo.com/fabricio-coloccini.html",Fabricio Coloccini
"/sdd/edimar/Desktop/doutorado/doutorado04/bases/WEIR/soccer/uk.eurosport.yahoo.com/joseba-llorente.html",Joseba Llorente
"/sdd/edimar/Desktop/doutorado/doutorado04/bases/WEIR/soccer/uk.eurosport.yahoo.com/micah-richards.html",Micah Richards
"/sdd/edimar/Desktop/doutorado/doutorado04/bases/WEIR/soccer/uk.eurosport.yahoo.com/per-mertesacker.html",Per Mertesacker
"/sdd/edimar/Desktop/doutorado/doutorado04/bases/WEIR/soccer/uk.eurosport.yahoo.com/souleymane-diawara.html",Souleymane Diawara
"/sdd/edimar/Desktop/doutorado/doutorado04/bases/WEIR/soccer/uk.eurosport.yahoo.com/stewart-downing.html",Stewart Downing
"/sdd/edimar/Desktop/doutorado/doutorado04/bases/WEIR/soccer/uk.eurosport.yahoo.com/miroslav-klose.html",Miroslav Klose
"/sdd/edimar/Desktop/doutorado/doutorado04/bases/WEIR/soccer/uk.eurosport.yahoo.com/massimo-donati.html",Massimo Donati
"/sdd/edimar/Desktop/doutorado/doutorado04/bases/WEIR/soccer/uk.eurosport.yahoo.com/kader-keita.html",Kader Keita
"/sdd/edimar/Desktop/doutorado/doutorado04/bases/WEIR/soccer/uk.eurosport.yahoo.com/radek-sirl.html",Radek Sirl
"/sdd/edimar/Desktop/doutorado/doutorado04/bases/WEIR/soccer/uk.eurosport.yahoo.com/francis-jeffers.html",Francis Jeffers
"/sdd/edimar/Desktop/doutorado/doutorado04/bases/WEIR/soccer/uk.eurosport.yahoo.com/gareth-bale.html",Gareth Bale
"/sdd/edimar/Desktop/doutorado/doutorado04/bases/WEIR/soccer/uk.eurosport.yahoo.com/vincent-candela.html",Vincent Candela
"/sdd/edimar/Desktop/doutorado/doutorado04/bases/WEIR/soccer/uk.eurosport.yahoo.com/marouane-chamakh.html",Marouane Chamakh
"/sdd/edimar/Desktop/doutorado/doutorado04/bases/WEIR/soccer/uk.eurosport.yahoo.com/damien-duff.html",Damien Duff
"/sdd/edimar/Desktop/doutorado/doutorado04/bases/WEIR/soccer/uk.eurosport.yahoo.com/goran-pandev.html",Goran Pandev
"/sdd/edimar/Desktop/doutorado/doutorado04/bases/WEIR/soccer/uk.eurosport.yahoo.com/stephen-bywater.html",Stephen Bywater
"/sdd/edimar/Desktop/doutorado/doutorado04/bases/WEIR/soccer/uk.eurosport.yahoo.com/sergio-aguero.html",Sergio Aguero
"/sdd/edimar/Desktop/doutorado/doutorado04/bases/WEIR/soccer/uk.eurosport.yahoo.com/samir-nasri.html",Samir Nasri
"/sdd/edimar/Desktop/doutorado/doutorado04/bases/WEIR/soccer/uk.eurosport.yahoo.com/marco-cassetti.html",Marco Cassetti
"/sdd/edimar/Desktop/doutorado/doutorado04/bases/WEIR/soccer/uk.eurosport.yahoo.com/robbie-fowler.html",Robbie Fowler
"/sdd/edimar/Desktop/doutorado/doutorado04/bases/WEIR/soccer/uk.eurosport.yahoo.com/gretar-steinsson.html",Gretar Steinsson
"/sdd/edimar/Desktop/doutorado/doutorado04/bases/WEIR/soccer/uk.eurosport.yahoo.com/alejandro-dominguez.html",Alejandro Dominguez
"/sdd/edimar/Desktop/doutorado/doutorado04/bases/WEIR/soccer/uk.eurosport.yahoo.com/gabriel-obertan.html",Gabriel Obertan
"/sdd/edimar/Desktop/doutorado/doutorado04/bases/WEIR/soccer/uk.eurosport.yahoo.com/eidur-gudjohnsen.html",Eidur Gudjohnsen
"/sdd/edimar/Desktop/doutorado/doutorado04/bases/WEIR/soccer/uk.eurosport.yahoo.com/sheyiemmanuel-adebayor.html",Sheyi emmanuel Adebayor
"/sdd/edimar/Desktop/doutorado/doutorado04/bases/WEIR/soccer/uk.eurosport.yahoo.com/michael-carrick.html",Michael Carrick
"/sdd/edimar/Desktop/doutorado/doutorado04/bases/WEIR/soccer/uk.eurosport.yahoo.com/david-villa.html",David Villa
"/sdd/edimar/Desktop/doutorado/doutorado04/bases/WEIR/soccer/uk.eurosport.yahoo.com/anthony-stokes.html",Anthony Stokes
"/sdd/edimar/Desktop/doutorado/doutorado04/bases/WEIR/soccer/uk.eurosport.yahoo.com/simone-inzaghi.html",Simone Inzaghi
"/sdd/edimar/Desktop/doutorado/doutorado04/bases/WEIR/soccer/uk.eurosport.yahoo.com/anatoliy-tymoshchuk.html",Anatoliy Tymoshchuk
"/sdd/edimar/Desktop/doutorado/doutorado04/bases/WEIR/soccer/uk.eurosport.yahoo.com/joe-cole.html",Joe Cole
"/sdd/edimar/Desktop/doutorado/doutorado04/bases/WEIR/soccer/uk.eurosport.yahoo.com/manuel-almunia.html",Manuel Almunia
"/sdd/edimar/Desktop/doutorado/doutorado04/bases/WEIR/soccer/uk.eurosport.yahoo.com/michael-ballack.html",Michael Ballack
"/sdd/edimar/Desktop/doutorado/doutorado04/bases/WEIR/soccer/uk.eurosport.yahoo.com/robinson-zapata.html",Robinson Zapata
"/sdd/edimar/Desktop/doutorado/doutorado04/bases/WEIR/soccer/uk.eurosport.yahoo.com/vladimir-smicer.html",Vladimir Smicer
"/sdd/edimar/Desktop/doutorado/doutorado04/bases/WEIR/soccer/uk.eurosport.yahoo.com/olano-xabialonso.html",Olano Xabi alonso
"/sdd/edimar/Desktop/doutorado/doutorado04/bases/WEIR/soccer/uk.eurosport.yahoo.com/filippo-inzaghi.html",Filippo Inzaghi
"/sdd/edimar/Desktop/doutorado/doutorado04/bases/WEIR/soccer/uk.eurosport.yahoo.com/eric-addo.html",Eric Addo
"/sdd/edimar/Desktop/doutorado/doutorado04/bases/WEIR/soccer/uk.eurosport.yahoo.com/owen-hargreaves.html",Owen Hargreaves
"/sdd/edimar/Desktop/doutorado/doutorado04/bases/WEIR/soccer/uk.eurosport.yahoo.com/lee-carsley.html",Lee Carsley
"/sdd/edimar/Desktop/doutorado/doutorado04/bases/WEIR/soccer/uk.eurosport.yahoo.com/peter-halmosi.html",Peter Halmosi
"/sdd/edimar/Desktop/doutorado/doutorado04/bases/WEIR/soccer/uk.eurosport.yahoo.com/zinedine-zidane.html",Zinedine Zidane
"/sdd/edimar/Desktop/doutorado/doutorado04/bases/WEIR/soccer/uk.eurosport.yahoo.com/david-nugent.html",David Nugent
"/sdd/edimar/Desktop/doutorado/doutorado04/bases/WEIR/soccer/uk.eurosport.yahoo.com/giles-barnes.html",Giles Barnes
"/sdd/edimar/Desktop/doutorado/doutorado04/bases/WEIR/soccer/uk.eurosport.yahoo.com/john-carew.html",John Carew
"/sdd/edimar/Desktop/doutorado/doutorado04/bases/WEIR/soccer/uk.eurosport.yahoo.com/jermaine-jenas.html",Jermaine Jenas
"/sdd/edimar/Desktop/doutorado/doutorado04/bases/WEIR/soccer/uk.eurosport.yahoo.com/mamadou-niang.html",Mamadou Niang
"/sdd/edimar/Desktop/doutorado/doutorado04/bases/WEIR/soccer/uk.eurosport.yahoo.com/otman-bakkal.html",Otman Bakkal
"/sdd/edimar/Desktop/doutorado/doutorado04/bases/WEIR/soccer/uk.eurosport.yahoo.com/brad-friedel.html",Brad Friedel
"/sdd/edimar/Desktop/doutorado/doutorado04/bases/WEIR/soccer/uk.eurosport.yahoo.com/diegocapel.html",Diego capel
"/sdd/edimar/Desktop/doutorado/doutorado04/bases/WEIR/soccer/uk.eurosport.yahoo.com/lee-bowyer.html",Lee Bowyer
"/sdd/edimar/Desktop/doutorado/doutorado04/bases/WEIR/soccer/uk.eurosport.yahoo.com/stephen-warnock.html",Stephen Warnock
"/sdd/edimar/Desktop/doutorado/doutorado04/bases/WEIR/soccer/uk.eurosport.yahoo.com/kenny-miller.html",Kenny Miller
"/sdd/edimar/Desktop/doutorado/doutorado04/bases/WEIR/soccer/uk.eurosport.yahoo.com/ifeanyi-emeghara.html",Ifeanyi Emeghara
"/sdd/edimar/Desktop/doutorado/doutorado04/bases/WEIR/soccer/uk.eurosport.yahoo.com/miralem-pjanic.html",Miralem Pjanic
"/sdd/edimar/Desktop/doutorado/doutorado04/bases/WEIR/soccer/uk.eurosport.yahoo.com/sulleyali-muntari.html",Sulley ali Muntari
"/sdd/edimar/Desktop/doutorado/doutorado04/bases/WEIR/soccer/uk.eurosport.yahoo.com/robert-earnshaw.html",Robert Earnshaw
"/sdd/edimar/Desktop/doutorado/doutorado04/bases/WEIR/soccer/uk.eurosport.yahoo.com/florian-marange.html",Florian Marange
"/sdd/edimar/Desktop/doutorado/doutorado04/bases/WEIR/soccer/uk.eurosport.yahoo.com/ronaldo.html",Ronaldo
"/sdd/edimar/Desktop/doutorado/doutorado04/bases/WEIR/soccer/uk.eurosport.yahoo.com/sonny-anderson.html",Sonny Anderson
"/sdd/edimar/Desktop/doutorado/doutorado04/bases/WEIR/soccer/uk.eurosport.yahoo.com/kim.html",Kim
"/sdd/edimar/Desktop/doutorado/doutorado04/bases/WEIR/soccer/uk.eurosport.yahoo.com/roger-lemerre.html",Roger Lemerre
"/sdd/edimar/Desktop/doutorado/doutorado04/bases/WEIR/soccer/uk.eurosport.yahoo.com/gary-cahill.html",Gary Cahill
"/sdd/edimar/Desktop/doutorado/doutorado04/bases/WEIR/soccer/uk.eurosport.yahoo.com/michel-platini.html",Michel Platini
"/sdd/edimar/Desktop/doutorado/doutorado04/bases/WEIR/soccer/uk.eurosport.yahoo.com/timmy-simons.html",Timmy Simons
"/sdd/edimar/Desktop/doutorado/doutorado04/bases/WEIR/soccer/uk.eurosport.yahoo.com/fredrik-stoor.html",Fredrik Stoor
"/sdd/edimar/Desktop/doutorado/doutorado04/bases/WEIR/soccer/uk.eurosport.yahoo.com/greg-halford.html",Greg Halford
"/sdd/edimar/Desktop/doutorado/doutorado04/bases/WEIR/soccer/uk.eurosport.yahoo.com/stephen-pearson.html",Stephen Pearson
"/sdd/edimar/Desktop/doutorado/doutorado04/bases/WEIR/soccer/uk.eurosport.yahoo.com/joe-hart.html",Joe Hart
"/sdd/edimar/Desktop/doutorado/doutorado04/bases/WEIR/soccer/uk.eurosport.yahoo.com/walter-pandiani.html",Walter Pandiani
"/sdd/edimar/Desktop/doutorado/doutorado04/bases/WEIR/soccer/uk.eurosport.yahoo.com/pele.html",Pele
"/sdd/edimar/Desktop/doutorado/doutorado04/bases/WEIR/soccer/uk.eurosport.yahoo.com/daniele-derossi.html",Daniele De rossi
"/sdd/edimar/Desktop/doutorado/doutorado04/bases/WEIR/soccer/uk.eurosport.yahoo.com/anton-ferdinand.html",Anton Ferdinand
"/sdd/edimar/Desktop/doutorado/doutorado04/bases/WEIR/soccer/uk.eurosport.yahoo.com/steven-pienaar.html",Steven Pienaar
"/sdd/edimar/Desktop/doutorado/doutorado04/bases/WEIR/soccer/uk.eurosport.yahoo.com/daniele-adani.html",Daniele Adani
"/sdd/edimar/Desktop/doutorado/doutorado04/bases/WEIR/soccer/uk.eurosport.yahoo.com/leon-osman.html",Leon Osman
"/sdd/edimar/Desktop/doutorado/doutorado04/bases/WEIR/soccer/uk.eurosport.yahoo.com/james-mcfadden.html",James Mcfadden
"/sdd/edimar/Desktop/doutorado/doutorado04/bases/WEIR/soccer/uk.eurosport.yahoo.com/martin-demichelis.html",Martin Demichelis
"/sdd/edimar/Desktop/doutorado/doutorado04/bases/WEIR/soccer/uk.eurosport.yahoo.com/kieran-richardson.html",Kieran Richardson
"/sdd/edimar/Desktop/doutorado/doutorado04/bases/WEIR/soccer/uk.eurosport.yahoo.com/stipe-pletikosa.html",Stipe Pletikosa
"/sdd/edimar/Desktop/doutorado/doutorado04/bases/WEIR/soccer/uk.eurosport.yahoo.com/ledley-king.html",Ledley King
"/sdd/edimar/Desktop/doutorado/doutorado04/bases/WEIR/soccer/uk.eurosport.yahoo.com/lucas-neill.html",Lucas Neill
"/sdd/edimar/Desktop/doutorado/doutorado04/bases/WEIR/soccer/uk.eurosport.yahoo.com/cristian-rodriguez.html",Cristian Rodriguez
"/sdd/edimar/Desktop/doutorado/doutorado04/bases/WEIR/soccer/uk.eurosport.yahoo.com/jose-fernandotorres.html",Jose Fernando torres
"/sdd/edimar/Desktop/doutorado/doutorado04/bases/WEIR/soccer/uk.eurosport.yahoo.com/simone-perrotta.html",Simone Perrotta
"/sdd/edimar/Desktop/doutorado/doutorado04/bases/WEIR/soccer/uk.eurosport.yahoo.com/scott-parker.html",Scott Parker
"/sdd/edimar/Desktop/doutorado/doutorado04/bases/WEIR/soccer/uk.eurosport.yahoo.com/shaun-wrightphillips.html",Shaun Wright-phillips
"/sdd/edimar/Desktop/doutorado/doutorado04/bases/WEIR/soccer/uk.eurosport.yahoo.com/fabio-rochemback.html",Fabio Rochemback
"/sdd/edimar/Desktop/doutorado/doutorado04/bases/WEIR/soccer/uk.eurosport.yahoo.com/david-james.html",David James
"/sdd/edimar/Desktop/doutorado/doutorado04/bases/WEIR/soccer/uk.eurosport.yahoo.com/alan-hutton.html",Alan Hutton
"/sdd/edimar/Desktop/doutorado/doutorado04/bases/WEIR/soccer/uk.eurosport.yahoo.com/marek-saganowski.html",Marek Saganowski
"/sdd/edimar/Desktop/doutorado/doutorado04/bases/WEIR/soccer/uk.eurosport.yahoo.com/alessandro-delpiero.html",Alessandro Del piero
"/sdd/edimar/Desktop/doutorado/doutorado04/bases/WEIR/soccer/uk.eurosport.yahoo.com/andy-griffin.html",Andy Griffin
"/sdd/edimar/Desktop/doutorado/doutorado04/bases/WEIR/soccer/uk.eurosport.yahoo.com/lee-cattermole.html",Lee Cattermole
"/sdd/edimar/Desktop/doutorado/doutorado04/bases/WEIR/soccer/uk.eurosport.yahoo.com/giampaolo-pazzini.html",Giampaolo Pazzini
"/sdd/edimar/Desktop/doutorado/doutorado04/bases/WEIR/soccer/uk.eurosport.yahoo.com/jeremie-aliadiere.html",Jeremie Aliadiere
"/sdd/edimar/Desktop/doutorado/doutorado04/bases/WEIR/soccer/uk.eurosport.yahoo.com/didier-digard.html",Didier Digard
"/sdd/edimar/Desktop/doutorado/doutorado04/bases/WEIR/soccer/uk.eurosport.yahoo.com/josemaria-guti.html",Jose maria Guti
"/sdd/edimar/Desktop/doutorado/doutorado04/bases/WEIR/soccer/uk.eurosport.yahoo.com/kasey-keller.html",Kasey Keller
"/sdd/edimar/Desktop/doutorado/doutorado04/bases/WEIR/soccer/uk.eurosport.yahoo.com/jussi-jaaskelainen.html",Jussi Jaaskelainen
"/sdd/edimar/Desktop/doutorado/doutorado04/bases/WEIR/soccer/uk.eurosport.yahoo.com/alvaro-recoba.html",Alvaro Recoba
"/sdd/edimar/Desktop/doutorado/doutorado04/bases/WEIR/soccer/uk.eurosport.yahoo.com/brian-mcbride.html",Brian Mcbride
"/sdd/edimar/Desktop/doutorado/doutorado04/bases/WEIR/soccer/uk.eurosport.yahoo.com/andreas-ivanschitz.html",Andreas Ivanschitz
"/sdd/edimar/Desktop/doutorado/doutorado04/bases/WEIR/soccer/uk.eurosport.yahoo.com/demirel-volkan.html",Demirel Volkan
"/sdd/edimar/Desktop/doutorado/doutorado04/bases/WEIR/soccer/uk.eurosport.yahoo.com/geremi.html",Geremi
"/sdd/edimar/Desktop/doutorado/doutorado04/bases/WEIR/soccer/uk.eurosport.yahoo.com/shunsuke-nakamura.html",Shunsuke Nakamura
"/sdd/edimar/Desktop/doutorado/doutorado04/bases/WEIR/soccer/uk.eurosport.yahoo.com/sanli-tuncay.html",Sanli Tuncay
"/sdd/edimar/Desktop/doutorado/doutorado04/bases/WEIR/soccer/uk.eurosport.yahoo.com/simone-loria.html",Simone Loria
"/sdd/edimar/Desktop/doutorado/doutorado04/bases/WEIR/soccer/uk.eurosport.yahoo.com/hatem-benarfa.html",Hatem Ben arfa
"/sdd/edimar/Desktop/doutorado/doutorado04/bases/WEIR/soccer/uk.eurosport.yahoo.com/ibrahim-afellay.html",Ibrahim Afellay
"/sdd/edimar/Desktop/doutorado/doutorado04/bases/WEIR/soccer/uk.eurosport.yahoo.com/ahmed-fathi.html",Ahmed Fathi
"/sdd/edimar/Desktop/doutorado/doutorado04/bases/WEIR/soccer/uk.eurosport.yahoo.com/john-mensah.html",John Mensah
"/sdd/edimar/Desktop/doutorado/doutorado04/bases/WEIR/soccer/uk.eurosport.yahoo.com/tim-cahill.html",Tim Cahill
"/sdd/edimar/Desktop/doutorado/doutorado04/bases/WEIR/soccer/uk.eurosport.yahoo.com/wayne-rooney.html",Wayne Rooney
"/sdd/edimar/Desktop/doutorado/doutorado04/bases/WEIR/soccer/uk.eurosport.yahoo.com/robert-kovac.html",Robert Kovac
"/sdd/edimar/Desktop/doutorado/doutorado04/bases/WEIR/soccer/uk.eurosport.yahoo.com/clemens-fritz.html",Clemens Fritz
"/sdd/edimar/Desktop/doutorado/doutorado04/bases/WEIR/soccer/uk.eurosport.yahoo.com/alessandro-gamberini.html",Alessandro Gamberini
"/sdd/edimar/Desktop/doutorado/doutorado04/bases/WEIR/soccer/uk.eurosport.yahoo.com/sidney-govou.html",Sidney Govou
"/sdd/edimar/Desktop/doutorado/doutorado04/bases/WEIR/soccer/uk.eurosport.yahoo.com/gabriel-heinze.html",Gabriel Heinze
"/sdd/edimar/Desktop/doutorado/doutorado04/bases/WEIR/soccer/uk.eurosport.yahoo.com/andy-todd.html",Andy Todd
"/sdd/edimar/Desktop/doutorado/doutorado04/bases/WEIR/soccer/uk.eurosport.yahoo.com/obafemi-martins.html",Obafemi Martins
"/sdd/edimar/Desktop/doutorado/doutorado04/bases/WEIR/soccer/uk.eurosport.yahoo.com/philipp-lahm.html",Philipp Lahm
"/sdd/edimar/Desktop/doutorado/doutorado04/bases/WEIR/soccer/uk.eurosport.yahoo.com/ivica-olic.html",Ivica Olic
"/sdd/edimar/Desktop/doutorado/doutorado04/bases/WEIR/soccer/uk.eurosport.yahoo.com/jari-litmanen.html",Jari Litmanen
"/sdd/edimar/Desktop/doutorado/doutorado04/bases/WEIR/soccer/uk.eurosport.yahoo.com/michael-duberry.html",Michael Duberry
"/sdd/edimar/Desktop/doutorado/doutorado04/bases/WEIR/soccer/uk.eurosport.yahoo.com/kalifa-cisse.html",Kalifa Cisse
"/sdd/edimar/Desktop/doutorado/doutorado04/bases/WEIR/soccer/uk.eurosport.yahoo.com/harry-kewell.html",Harry Kewell
"/sdd/edimar/Desktop/doutorado/doutorado04/bases/WEIR/soccer/uk.eurosport.yahoo.com/per-kroldrup.html",Per Kroldrup
"/sdd/edimar/Desktop/doutorado/doutorado04/bases/WEIR/soccer/uk.eurosport.yahoo.com/raul-meireles.html",Raul Meireles
"/sdd/edimar/Desktop/doutorado/doutorado04/bases/WEIR/soccer/uk.eurosport.yahoo.com/giannis-goumas.html",Giannis Goumas
"/sdd/edimar/Desktop/doutorado/doutorado04/bases/WEIR/soccer/uk.eurosport.yahoo.com/lars-hirschfeld.html",Lars Hirschfeld
"/sdd/edimar/Desktop/doutorado/doutorado04/bases/WEIR/soccer/uk.eurosport.yahoo.com/craig-gordon.html",Craig Gordon
"/sdd/edimar/Desktop/doutorado/doutorado04/bases/WEIR/soccer/uk.eurosport.yahoo.com/scott-chipperfield.html",Scott Chipperfield
"/sdd/edimar/Desktop/doutorado/doutorado04/bases/WEIR/soccer/uk.eurosport.yahoo.com/jens-lehmann.html",Jens Lehmann
"/sdd/edimar/Desktop/doutorado/doutorado04/bases/WEIR/soccer/uk.eurosport.yahoo.com/brede-hangeland.html",Brede Hangeland
"/sdd/edimar/Desktop/doutorado/doutorado04/bases/WEIR/soccer/uk.eurosport.yahoo.com/gyan-asamoah.html",Gyan Asamoah
"/sdd/edimar/Desktop/doutorado/doutorado04/bases/WEIR/soccer/uk.eurosport.yahoo.com/ricardocarvalho.html",Ricardo carvalho
"/sdd/edimar/Desktop/doutorado/doutorado04/bases/WEIR/soccer/uk.eurosport.yahoo.com/rigobert-song.html",Rigobert Song
"/sdd/edimar/Desktop/doutorado/doutorado04/bases/WEIR/soccer/uk.eurosport.yahoo.com/darius-vassell.html",Darius Vassell
"/sdd/edimar/Desktop/doutorado/doutorado04/bases/WEIR/soccer/uk.eurosport.yahoo.com/seydou-keita.html",Seydou Keita
"/sdd/edimar/Desktop/doutorado/doutorado04/bases/WEIR/soccer/uk.eurosport.yahoo.com/richard-dunne.html",Richard Dunne
"/sdd/edimar/Desktop/doutorado/doutorado04/bases/WEIR/soccer/uk.eurosport.yahoo.com/aaron-lennon.html",Aaron Lennon
"/sdd/edimar/Desktop/doutorado/doutorado04/bases/WEIR/soccer/uk.eurosport.yahoo.com/benjani.html",Benjani
"/sdd/edimar/Desktop/doutorado/doutorado04/bases/WEIR/soccer/uk.eurosport.yahoo.com/barry-ferguson.html",Barry Ferguson
"/sdd/edimar/Desktop/doutorado/doutorado04/bases/WEIR/soccer/uk.eurosport.yahoo.com/johan-elmander.html",Johan Elmander
"/sdd/edimar/Desktop/doutorado/doutorado04/bases/WEIR/soccer/uk.eurosport.yahoo.com/ben-foster.html",Ben Foster
"/sdd/edimar/Desktop/doutorado/doutorado04/bases/WEIR/soccer/uk.eurosport.yahoo.com/niclas-alexandersson.html",Niclas Alexandersson
"/sdd/edimar/Desktop/doutorado/doutorado04/bases/WEIR/soccer/uk.eurosport.yahoo.com/peter-crouch.html",Peter Crouch
"/sdd/edimar/Desktop/doutorado/doutorado04/bases/WEIR/soccer/uk.eurosport.yahoo.com/marc-crosas.html",Marc Crosas
"/sdd/edimar/Desktop/doutorado/doutorado04/bases/WEIR/soccer/uk.eurosport.yahoo.com/frank-lampard.html",Frank Lampard
"/sdd/edimar/Desktop/doutorado/doutorado04/bases/WEIR/soccer/uk.eurosport.yahoo.com/jermaine-pennant.html",Jermaine Pennant
"/sdd/edimar/Desktop/doutorado/doutorado04/bases/WEIR/soccer/uk.eurosport.yahoo.com/stephen-appiah.html",Stephen Appiah
"/sdd/edimar/Desktop/doutorado/doutorado04/bases/WEIR/soccer/uk.eurosport.yahoo.com/carlos-villanueva.html",Carlos Villanueva
"/sdd/edimar/Desktop/doutorado/doutorado04/bases/WEIR/soccer/uk.eurosport.yahoo.com/marlon-king.html",Marlon King
"/sdd/edimar/Desktop/doutorado/doutorado04/bases/WEIR/soccer/uk.eurosport.yahoo.com/albert-riera.html",Albert Riera
"/sdd/edimar/Desktop/doutorado/doutorado04/bases/WEIR/soccer/uk.eurosport.yahoo.com/turan-arda.html",Turan Arda
"/sdd/edimar/Desktop/doutorado/doutorado04/bases/WEIR/soccer/uk.eurosport.yahoo.com/johnobi-mikel.html",John obi Mikel
"/sdd/edimar/Desktop/doutorado/doutorado04/bases/WEIR/soccer/uk.eurosport.yahoo.com/michael-rensing.html",Michael Rensing
"/sdd/edimar/Desktop/doutorado/doutorado04/bases/WEIR/soccer/uk.eurosport.yahoo.com/dirk-kuyt.html",Dirk Kuyt
"/sdd/edimar/Desktop/doutorado/doutorado04/bases/WEIR/soccer/uk.eurosport.yahoo.com/fredrik-ljungberg.html",Fredrik Ljungberg
"/sdd/edimar/Desktop/doutorado/doutorado04/bases/WEIR/soccer/uk.eurosport.yahoo.com/paolo-maldini.html",Paolo Maldini
"/sdd/edimar/Desktop/doutorado/doutorado04/bases/WEIR/soccer/uk.eurosport.yahoo.com/ronald-zubar.html",Ronald Zubar
"/sdd/edimar/Desktop/doutorado/doutorado04/bases/WEIR/soccer/uk.eurosport.yahoo.com/andrea-dossena.html",Andrea Dossena
"/sdd/edimar/Desktop/doutorado/doutorado04/bases/WEIR/soccer/uk.eurosport.yahoo.com/louis-saha.html",Louis Saha
"/sdd/edimar/Desktop/doutorado/doutorado04/bases/WEIR/soccer/uk.eurosport.yahoo.com/joseph-yobo.html",Joseph Yobo
"/sdd/edimar/Desktop/doutorado/doutorado04/bases/WEIR/soccer/uk.eurosport.yahoo.com/nolberto-solano.html",Nolberto Solano
"/sdd/edimar/Desktop/doutorado/doutorado04/bases/WEIR/soccer/uk.eurosport.yahoo.com/abdoulaye-meite.html",Abdoulaye Meite
"/sdd/edimar/Desktop/doutorado/doutorado04/bases/WEIR/soccer/uk.eurosport.yahoo.com/theo-walcott.html",Theo Walcott
"/sdd/edimar/Desktop/doutorado/doutorado04/bases/WEIR/soccer/uk.eurosport.yahoo.com/ross-wallace.html",Ross Wallace
"/sdd/edimar/Desktop/doutorado/doutorado04/bases/WEIR/soccer/uk.eurosport.yahoo.com/andres-iniesta.html",Andres Iniesta
"/sdd/edimar/Desktop/doutorado/doutorado04/bases/WEIR/soccer/uk.eurosport.yahoo.com/rio-ferdinand.html",Rio Ferdinand
"/sdd/edimar/Desktop/doutorado/doutorado04/bases/WEIR/soccer/uk.eurosport.yahoo.com/zlatan-ibrahimovic.html",Zlatan Ibrahimovic
"/sdd/edimar/Desktop/doutorado/doutorado04/bases/WEIR/soccer/uk.eurosport.yahoo.com/pierre-ducasse.html",Pierre Ducasse
"/sdd/edimar/Desktop/doutorado/doutorado04/bases/WEIR/soccer/uk.eurosport.yahoo.com/david-wheater.html",David Wheater
"/sdd/edimar/Desktop/doutorado/doutorado04/bases/WEIR/soccer/uk.eurosport.yahoo.com/javier-garrido.html",Javier Garrido
"/sdd/edimar/Desktop/doutorado/doutorado04/bases/WEIR/soccer/uk.eurosport.yahoo.com/sean-davis.html",Sean Davis
"/sdd/edimar/Desktop/doutorado/doutorado04/bases/WEIR/soccer/uk.eurosport.yahoo.com/ricardo-gardner.html",Ricardo Gardner
"/sdd/edimar/Desktop/doutorado/doutorado04/bases/WEIR/soccer/uk.eurosport.yahoo.com/graeme-murty.html",Graeme Murty
"/sdd/edimar/Desktop/doutorado/doutorado04/bases/WEIR/soccer/uk.eurosport.yahoo.com/anthony-mounier.html",Anthony Mounier
"/sdd/edimar/Desktop/doutorado/doutorado04/bases/WEIR/soccer/uk.eurosport.yahoo.com/jonathan-woodgate.html",Jonathan Woodgate
"/sdd/edimar/Desktop/doutorado/doutorado04/bases/WEIR/soccer/uk.eurosport.yahoo.com/christopher-samba.html",Christopher Samba
"/sdd/edimar/Desktop/doutorado/doutorado04/bases/WEIR/soccer/uk.eurosport.yahoo.com/steven-taylor.html",Steven Taylor
"/sdd/edimar/Desktop/doutorado/doutorado04/bases/WEIR/soccer/uk.eurosport.yahoo.com/patrice-evra.html",Patrice Evra
"/sdd/edimar/Desktop/doutorado/doutorado04/bases/WEIR/soccer/uk.eurosport.yahoo.com/mark-gonzalez.html",Mark Gonzalez
"/sdd/edimar/Desktop/doutorado/doutorado04/bases/WEIR/soccer/uk.eurosport.yahoo.com/dayro-moreno.html",Dayro Moreno
"/sdd/edimar/Desktop/doutorado/doutorado04/bases/WEIR/soccer/uk.eurosport.yahoo.com/olof-mellberg.html",Olof Mellberg
"/sdd/edimar/Desktop/doutorado/doutorado04/bases/WEIR/soccer/uk.eurosport.yahoo.com/peter-niemeyer.html",Peter Niemeyer
"/sdd/edimar/Desktop/doutorado/doutorado04/bases/WEIR/soccer/uk.eurosport.yahoo.com/emerse-fae.html",Emerse Fae
"/sdd/edimar/Desktop/doutorado/doutorado04/bases/WEIR/soccer/uk.eurosport.yahoo.com/claude-makelele.html",Claude Makelele
"/sdd/edimar/Desktop/doutorado/doutorado04/bases/WEIR/soccer/uk.eurosport.yahoo.com/darren-fletcher.html",Darren Fletcher
"/sdd/edimar/Desktop/doutorado/doutorado04/bases/WEIR/soccer/uk.eurosport.yahoo.com/mirko-vucinic.html",Mirko Vucinic
"/sdd/edimar/Desktop/doutorado/doutorado04/bases/WEIR/soccer/uk.eurosport.yahoo.com/giuseppe-rossi.html",Giuseppe Rossi
"/sdd/edimar/Desktop/doutorado/doutorado04/bases/WEIR/soccer/uk.eurosport.yahoo.com/george-mccartney.html",George Mccartney
"/sdd/edimar/Desktop/doutorado/doutorado04/bases/WEIR/soccer/uk.eurosport.yahoo.com/artur-boruc.html",Artur Boruc
"/sdd/edimar/Desktop/doutorado/doutorado04/bases/WEIR/soccer/uk.eurosport.yahoo.com/ricardo-quaresma.html",Ricardo Quaresma
"/sdd/edimar/Desktop/doutorado/doutorado04/bases/WEIR/soccer/uk.eurosport.yahoo.com/david-healy.html",David Healy
"/sdd/edimar/Desktop/doutorado/doutorado04/bases/WEIR/soccer/uk.eurosport.yahoo.com/carles-puyol.html",Carles Puyol
"/sdd/edimar/Desktop/doutorado/doutorado04/bases/WEIR/soccer/uk.eurosport.yahoo.com/matthew-upson.html",Matthew Upson
"/sdd/edimar/Desktop/doutorado/doutorado04/bases/WEIR/soccer/uk.eurosport.yahoo.com/thierry-henry.html",Thierry Henry
"/sdd/edimar/Desktop/doutorado/doutorado04/bases/WEIR/soccer/uk.eurosport.yahoo.com/raul-albiol.html",Raul Albiol
"/sdd/edimar/Desktop/doutorado/doutorado04/bases/WEIR/soccer/uk.eurosport.yahoo.com/mario-melchiot.html",Mario Melchiot
"/sdd/edimar/Desktop/doutorado/doutorado04/bases/WEIR/soccer/uk.eurosport.yahoo.com/alan-smith.html",Alan Smith
"/sdd/edimar/Desktop/doutorado/doutorado04/bases/WEIR/soccer/uk.eurosport.yahoo.com/julien-faubert.html",Julien Faubert
"/sdd/edimar/Desktop/doutorado/doutorado04/bases/WEIR/soccer/uk.eurosport.yahoo.com/chris-baird.html",Chris Baird
"/sdd/edimar/Desktop/doutorado/doutorado04/bases/WEIR/soccer/uk.eurosport.yahoo.com/dean-leacock.html",Dean Leacock
"/sdd/edimar/Desktop/doutorado/doutorado04/bases/WEIR/soccer/uk.eurosport.yahoo.com/david-silva.html",David Silva
"/sdd/edimar/Desktop/doutorado/doutorado04/bases/WEIR/soccer/uk.eurosport.yahoo.com/alberto-gilardino.html",Alberto Gilardino
"/sdd/edimar/Desktop/doutorado/doutorado04/bases/WEIR/soccer/uk.eurosport.yahoo.com/andreas-granqvist.html",Andreas Granqvist
"/sdd/edimar/Desktop/doutorado/doutorado04/bases/WEIR/soccer/uk.eurosport.yahoo.com/hermann-hreidarsson.html",Hermann Hreidarsson
"/sdd/edimar/Desktop/doutorado/doutorado04/bases/WEIR/soccer/uk.eurosport.yahoo.com/milan-baros.html",Milan Baros
"/sdd/edimar/Desktop/doutorado/doutorado04/bases/WEIR/soccer/uk.eurosport.yahoo.com/roman-eremenko.html",Roman Eremenko
"/sdd/edimar/Desktop/doutorado/doutorado04/bases/WEIR/soccer/uk.eurosport.yahoo.com/mark-viduka.html",Mark Viduka
"/sdd/edimar/Desktop/doutorado/doutorado04/bases/WEIR/soccer/uk.eurosport.yahoo.com/edison-mendez.html",Edison Mendez
"/sdd/edimar/Desktop/doutorado/doutorado04/bases/WEIR/soccer/uk.eurosport.yahoo.com/rudy-riou.html",Rudy Riou
"/sdd/edimar/Desktop/doutorado/doutorado04/bases/WEIR/soccer/uk.eurosport.yahoo.com/philipp-degen.html",Philipp Degen
"/sdd/edimar/Desktop/doutorado/doutorado04/bases/WEIR/soccer/uk.eurosport.yahoo.com/yuri-zhirkov.html",Yuri Zhirkov
"/sdd/edimar/Desktop/doutorado/doutorado04/bases/WEIR/soccer/uk.eurosport.yahoo.com/rodrigo-taddei.html",Rodrigo Taddei
"/sdd/edimar/Desktop/doutorado/doutorado04/bases/WEIR/soccer/uk.eurosport.yahoo.com/gary-caldwell.html",Gary Caldwell
"/sdd/edimar/Desktop/doutorado/doutorado04/bases/WEIR/soccer/uk.eurosport.yahoo.com/steve-finnan.html",Steve Finnan
"/sdd/edimar/Desktop/doutorado/doutorado04/bases/WEIR/soccer/uk.eurosport.yahoo.com/scott-carson.html",Scott Carson
"/sdd/edimar/Desktop/doutorado/doutorado04/bases/WEIR/soccer/uk.eurosport.yahoo.com/salomon-kalou.html",Salomon Kalou
"/sdd/edimar/Desktop/doutorado/doutorado04/bases/WEIR/soccer/uk.eurosport.yahoo.com/christian-panucci.html",Christian Panucci
"/sdd/edimar/Desktop/doutorado/doutorado04/bases/WEIR/soccer/uk.eurosport.yahoo.com/marco-borriello.html",Marco Borriello
"/sdd/edimar/Desktop/doutorado/doutorado04/bases/WEIR/soccer/uk.eurosport.yahoo.com/eren-derdiyok.html",Eren Derdiyok
"/sdd/edimar/Desktop/doutorado/doutorado04/bases/WEIR/soccer/uk.eurosport.yahoo.com/joey-barton.html",Joey Barton
"/sdd/edimar/Desktop/doutorado/doutorado04/bases/WEIR/soccer/uk.eurosport.yahoo.com/alves-afonso.html",Alves Afonso
"/sdd/edimar/Desktop/doutorado/doutorado04/bases/WEIR/soccer/uk.eurosport.yahoo.com/sbastien-puygrenier.html",Sébastien Puygrenier
"/sdd/edimar/Desktop/doutorado/doutorado04/bases/WEIR/soccer/uk.eurosport.yahoo.com/gareth-southgate.html",Gareth Southgate
"/sdd/edimar/Desktop/doutorado/doutorado04/bases/WEIR/soccer/uk.eurosport.yahoo.com/guillermo-franco.html",Guillermo Franco
"/sdd/edimar/Desktop/doutorado/doutorado04/bases/WEIR/soccer/uk.eurosport.yahoo.com/konstantin-zyryanov.html",Konstantin Zyryanov
"/sdd/edimar/Desktop/doutorado/doutorado04/bases/WEIR/soccer/uk.eurosport.yahoo.com/daniel-agger.html",Daniel Agger
"/sdd/edimar/Desktop/doutorado/doutorado04/bases/WEIR/soccer/uk.eurosport.yahoo.com/bruno-berner.html",Bruno Berner
"/sdd/edimar/Desktop/doutorado/doutorado04/bases/WEIR/soccer/uk.eurosport.yahoo.com/lassana-diarra.html",Lassana Diarra
"/sdd/edimar/Desktop/doutorado/doutorado04/bases/WEIR/soccer/uk.eurosport.yahoo.com/mario-galinovic.html",Mario Galinovic
"/sdd/edimar/Desktop/doutorado/doutorado04/bases/WEIR/soccer/uk.eurosport.yahoo.com/david-beckham.html",David Beckham
"/sdd/edimar/Desktop/doutorado/doutorado04/bases/WEIR/soccer/uk.eurosport.yahoo.com/gabriel-milito.html",Gabriel Milito
"/sdd/edimar/Desktop/doutorado/doutorado04/bases/WEIR/soccer/uk.eurosport.yahoo.com/ronaldinho.html",Ronaldinho
"/sdd/edimar/Desktop/doutorado/doutorado04/bases/WEIR/soccer/uk.eurosport.yahoo.com/amaury-bischoff.html",Amaury Bischoff
"/sdd/edimar/Desktop/doutorado/doutorado04/bases/WEIR/soccer/uk.eurosport.yahoo.com/ulrich-rame.html",Ulrich Rame
"/sdd/edimar/Desktop/doutorado/doutorado04/bases/WEIR/soccer/uk.eurosport.yahoo.com/vincent-kompany.html",Vincent Kompany
"/sdd/edimar/Desktop/doutorado/doutorado04/bases/WEIR/soccer/uk.eurosport.yahoo.com/danny-higginbotham.html",Danny Higginbotham
"/sdd/edimar/Desktop/doutorado/doutorado04/bases/WEIR/soccer/uk.eurosport.yahoo.com/eric-abidal.html",Eric Abidal
"/sdd/edimar/Desktop/doutorado/doutorado04/bases/WEIR/soccer/uk.eurosport.yahoo.com/bobby-zamora.html",Bobby Zamora
"/sdd/edimar/Desktop/doutorado/doutorado04/bases/WEIR/soccer/uk.eurosport.yahoo.com/franck-queudrue.html",Franck Queudrue
"/sdd/edimar/Desktop/doutorado/doutorado04/bases/WEIR/soccer/uk.eurosport.yahoo.com/kahveci-nihat.html",Kahveci Nihat
"/sdd/edimar/Desktop/doutorado/doutorado04/bases/WEIR/soccer/uk.eurosport.yahoo.com/carlo-cudicini.html",Carlo Cudicini
"/sdd/edimar/Desktop/doutorado/doutorado04/bases/WEIR/soccer/uk.eurosport.yahoo.com/renato.html",Renato
"/sdd/edimar/Desktop/doutorado/doutorado04/bases/WEIR/soccer/uk.eurosport.yahoo.com/ryan-nelsen.html",Ryan Nelsen
"/sdd/edimar/Desktop/doutorado/doutorado04/bases/WEIR/soccer/uk.eurosport.yahoo.com/thomas-gravesen.html",Thomas Gravesen
"/sdd/edimar/Desktop/doutorado/doutorado04/bases/WEIR/soccer/uk.eurosport.yahoo.com/titus-bramble.html",Titus Bramble
"/sdd/edimar/Desktop/doutorado/doutorado04/bases/WEIR/soccer/uk.eurosport.yahoo.com/philippe-christanval.html",Philippe Christanval
"/sdd/edimar/Desktop/doutorado/doutorado04/bases/WEIR/soccer/uk.eurosport.yahoo.com/nigel-reocoker.html",Nigel Reo-coker
"/sdd/edimar/Desktop/doutorado/doutorado04/bases/WEIR/soccer/uk.eurosport.yahoo.com/rafael-marquez.html",Rafael Marquez
"/sdd/edimar/Desktop/doutorado/doutorado04/bases/WEIR/soccer/uk.eurosport.yahoo.com/edwin-vandersar.html",Edwin Van der sar
"/sdd/edimar/Desktop/doutorado/doutorado04/bases/WEIR/soccer/uk.eurosport.yahoo.com/john-pantsil.html",John Pantsil
"/sdd/edimar/Desktop/doutorado/doutorado04/bases/WEIR/soccer/uk.eurosport.yahoo.com/craigdouglas-bellamy.html",Craig douglas Bellamy
"/sdd/edimar/Desktop/doutorado/doutorado04/bases/WEIR/soccer/uk.eurosport.yahoo.com/alexander-hleb.html",Alexander Hleb
"/sdd/edimar/Desktop/doutorado/doutorado04/bases/WEIR/soccer/uk.eurosport.yahoo.com/mathieu-valbuena.html",Mathieu Valbuena
"/sdd/edimar/Desktop/doutorado/doutorado04/bases/WEIR/soccer/uk.eurosport.yahoo.com/fabio-grosso.html",Fabio Grosso
"/sdd/edimar/Desktop/doutorado/doutorado04/bases/WEIR/soccer/uk.eurosport.yahoo.com/john-terry.html",John Terry
"/sdd/edimar/Desktop/doutorado/doutorado04/bases/WEIR/soccer/uk.eurosport.yahoo.com/bernard-mendy.html",Bernard Mendy
"/sdd/edimar/Desktop/doutorado/doutorado04/bases/WEIR/soccer/uk.eurosport.yahoo.com/bernardo-corradi.html",Bernardo Corradi
"/sdd/edimar/Desktop/doutorado/doutorado04/bases/WEIR/soccer/uk.eurosport.yahoo.com/gal-clichy.html",Gaël Clichy
"/sdd/edimar/Desktop/doutorado/doutorado04/bases/WEIR/soccer/uk.eurosport.yahoo.com/kevin-nolan.html",Kevin Nolan
"/sdd/edimar/Desktop/doutorado/doutorado04/bases/WEIR/soccer/uk.eurosport.yahoo.com/nemanja-vidic.html",Nemanja Vidic
"/sdd/edimar/Desktop/doutorado/doutorado04/bases/WEIR/soccer/uk.eurosport.yahoo.com/mladen-petric.html",Mladen Petric
"/sdd/edimar/Desktop/doutorado/doutorado04/bases/WEIR/soccer/uk.eurosport.yahoo.com/anderson.html",Anderson
"/sdd/edimar/Desktop/doutorado/doutorado04/bases/WEIR/soccer/uk.eurosport.yahoo.com/zoltan-gera.html",Zoltan Gera
"/sdd/edimar/Desktop/doutorado/doutorado04/bases/WEIR/soccer/uk.eurosport.yahoo.com/christopher-kirkland.html",Christopher Kirkland
"/sdd/edimar/Desktop/doutorado/doutorado04/bases/WEIR/soccer/uk.eurosport.yahoo.com/steed-malbranque.html",Steed Malbranque
"/sdd/edimar/Desktop/doutorado/doutorado04/bases/WEIR/soccer/uk.eurosport.yahoo.com/keith-gillespie.html",Keith Gillespie
"/sdd/edimar/Desktop/doutorado/doutorado04/bases/WEIR/soccer/uk.eurosport.yahoo.com/christian-manfredini.html",Christian Manfredini
"/sdd/edimar/Desktop/doutorado/doutorado04/bases/WEIR/soccer/uk.eurosport.yahoo.com/dario-srna.html",Dario Srna
"/sdd/edimar/Desktop/doutorado/doutorado04/bases/WEIR/soccer/uk.eurosport.yahoo.com/carlos-tevez.html",Carlos Tevez
"/sdd/edimar/Desktop/doutorado/doutorado04/bases/WEIR/soccer/uk.eurosport.yahoo.com/lukasz-fabianski.html",Lukasz Fabianski
"/sdd/edimar/Desktop/doutorado/doutorado04/bases/WEIR/soccer/uk.eurosport.yahoo.com/mohamed-zidan.html",Mohamed Zidan
"/sdd/edimar/Desktop/doutorado/doutorado04/bases/WEIR/soccer/uk.eurosport.yahoo.com/torsten-frings.html",Torsten Frings
"/sdd/edimar/Desktop/doutorado/doutorado04/bases/WEIR/soccer/uk.eurosport.yahoo.com/manuelhenriques-fernandes.html",Manuel henriques Fernandes
"/sdd/edimar/Desktop/doutorado/doutorado04/bases/WEIR/soccer/uk.eurosport.yahoo.com/cristiano-zanetti.html",Cristiano Zanetti
"/sdd/edimar/Desktop/doutorado/doutorado04/bases/WEIR/soccer/uk.eurosport.yahoo.com/zdravko-kuzmanovic.html",Zdravko Kuzmanovic
"/sdd/edimar/Desktop/doutorado/doutorado04/bases/WEIR/soccer/uk.eurosport.yahoo.com/carloslopez-marchena.html",Carlos lopez Marchena
"/sdd/edimar/Desktop/doutorado/doutorado04/bases/WEIR/soccer/uk.eurosport.yahoo.com/sol-campbell.html",Sol Campbell
"/sdd/edimar/Desktop/doutorado/doutorado04/bases/WEIR/soccer/uk.eurosport.yahoo.com/teemu-tainio.html",Teemu Tainio
"/sdd/edimar/Desktop/doutorado/doutorado04/bases/WEIR/soccer/uk.eurosport.yahoo.com/hayden-mullins.html",Hayden Mullins
"/sdd/edimar/Desktop/doutorado/doutorado04/bases/WEIR/soccer/uk.eurosport.yahoo.com/gianluigi-buffon.html",Gianluigi Buffon
"/sdd/edimar/Desktop/doutorado/doutorado04/bases/WEIR/soccer/uk.eurosport.yahoo.com/juninho.html",Juninho
"/sdd/edimar/Desktop/doutorado/doutorado04/bases/WEIR/soccer/uk.eurosport.yahoo.com/ian-pearce.html",Ian Pearce
"/sdd/edimar/Desktop/doutorado/doutorado04/bases/WEIR/soccer/uk.eurosport.yahoo.com/joan-capdevila.html",Joan Capdevila
"/sdd/edimar/Desktop/doutorado/doutorado04/bases/WEIR/soccer/uk.eurosport.yahoo.com/lukas-podolski.html",Lukas Podolski
"/sdd/edimar/Desktop/doutorado/doutorado04/bases/WEIR/soccer/uk.eurosport.yahoo.com/mario-gomez.html",Mario Gomez
"/sdd/edimar/Desktop/doutorado/doutorado04/bases/WEIR/soccer/uk.eurosport.yahoo.com/steve-sidwell.html",Steve Sidwell
"/sdd/edimar/Desktop/doutorado/doutorado04/bases/WEIR/soccer/uk.eurosport.yahoo.com/tom-huddlestone.html",Tom Huddlestone
"/sdd/edimar/Desktop/doutorado/doutorado04/bases/WEIR/soccer/uk.eurosport.yahoo.com/philippe-senderos.html",Philippe Senderos
"/sdd/edimar/Desktop/doutorado/doutorado04/bases/WEIR/soccer/uk.eurosport.yahoo.com/tomasz-kuszczak.html",Tomasz Kuszczak
"/sdd/edimar/Desktop/doutorado/doutorado04/bases/WEIR/soccer/uk.eurosport.yahoo.com/robert-green.html",Robert Green
"/sdd/edimar/Desktop/doutorado/doutorado04/bases/WEIR/soccer/uk.eurosport.yahoo.com/mamadou-samassa.html",Mamadou Samassa
"/sdd/edimar/Desktop/doutorado/doutorado04/bases/WEIR/soccer/uk.eurosport.yahoo.com/david-rozehnal.html",David Rozehnal
"/sdd/edimar/Desktop/doutorado/doutorado04/bases/WEIR/soccer/uk.eurosport.yahoo.com/jamie-carragher.html",Jamie Carragher
"/sdd/edimar/Desktop/doutorado/doutorado04/bases/WEIR/soccer/uk.eurosport.yahoo.com/marco-materazzi.html",Marco Materazzi
"/sdd/edimar/Desktop/doutorado/doutorado04/bases/WEIR/soccer/uk.eurosport.yahoo.com/heurelho-gomes.html",Heurelho Gomes
"/sdd/edimar/Desktop/doutorado/doutorado04/bases/WEIR/soccer/uk.eurosport.yahoo.com/danny-guthrie.html",Danny Guthrie
"/sdd/edimar/Desktop/doutorado/doutorado04/bases/WEIR/soccer/uk.eurosport.yahoo.com/samuel-etoo.html",Samuel Eto'o
"/sdd/edimar/Desktop/doutorado/doutorado04/bases/WEIR/soccer/uk.eurosport.yahoo.com/petter-hansson.html",Petter Hansson
"/sdd/edimar/Desktop/doutorado/doutorado04/bases/WEIR/soccer/uk.eurosport.yahoo.com/gilbertosilva.html",Gilberto silva
"/sdd/edimar/Desktop/doutorado/doutorado04/bases/WEIR/soccer/uk.eurosport.yahoo.com/tiago.html",Tiago
"/sdd/edimar/Desktop/doutorado/doutorado04/bases/WEIR/soccer/uk.eurosport.yahoo.com/alexander-frei.html",Alexander Frei
"/sdd/edimar/Desktop/doutorado/doutorado04/bases/WEIR/soccer/uk.eurosport.yahoo.com/darren-bent.html",Darren Bent
"/sdd/edimar/Desktop/doutorado/doutorado04/bases/WEIR/soccer/uk.eurosport.yahoo.com/carlton-cole.html",Carlton Cole
"/sdd/edimar/Desktop/doutorado/doutorado04/bases/WEIR/soccer/uk.eurosport.yahoo.com/phillip-bardsley.html",Phillip Bardsley
"/sdd/edimar/Desktop/doutorado/doutorado04/bases/WEIR/soccer/uk.eurosport.yahoo.com/dimitar-berbatov.html",Dimitar Berbatov
"/sdd/edimar/Desktop/doutorado/doutorado04/bases/WEIR/soccer/uk.eurosport.yahoo.com/joey-obrien.html",Joey O'brien
"/sdd/edimar/Desktop/doutorado/doutorado04/bases/WEIR/soccer/uk.eurosport.yahoo.com/adriano.html",Adriano
"/sdd/edimar/Desktop/doutorado/doutorado04/bases/WEIR/soccer/uk.eurosport.yahoo.com/aaron-mokoena.html",Aaron Mokoena
"/sdd/edimar/Desktop/doutorado/doutorado04/bases/WEIR/soccer/uk.eurosport.yahoo.com/luka-modric.html",Luka Modric
"/sdd/edimar/Desktop/doutorado/doutorado04/bases/WEIR/soccer/uk.eurosport.yahoo.com/danny-shittu.html",Danny Shittu
"/sdd/edimar/Desktop/doutorado/doutorado04/bases/WEIR/soccer/uk.eurosport.yahoo.com/hugo-lloris.html",Hugo Lloris
"/sdd/edimar/Desktop/doutorado/doutorado04/bases/WEIR/soccer/uk.eurosport.yahoo.com/tal-benham.html",Tal Ben haïm
"/sdd/edimar/Desktop/doutorado/doutorado04/bases/WEIR/soccer/uk.eurosport.yahoo.com/cristian-molinaro.html",Cristian Molinaro
"/sdd/edimar/Desktop/doutorado/doutorado04/bases/WEIR/soccer/uk.eurosport.yahoo.com/steven-davis.html",Steven Davis
"/sdd/edimar/Desktop/doutorado/doutorado04/bases/WEIR/soccer/uk.eurosport.yahoo.com/laurent-blanc.html",Laurent Blanc
"/sdd/edimar/Desktop/doutorado/doutorado04/bases/WEIR/soccer/uk.eurosport.yahoo.com/tranquillo-barnetta.html",Tranquillo Barnetta
"/sdd/edimar/Desktop/doutorado/doutorado04/bases/WEIR/soccer/uk.eurosport.yahoo.com/alberto-aquilani.html",Alberto Aquilani
"/sdd/edimar/Desktop/doutorado/doutorado04/bases/WEIR/soccer/uk.eurosport.yahoo.com/mark-schwarzer.html",Mark Schwarzer
"/sdd/edimar/Desktop/doutorado/doutorado04/bases/WEIR/soccer/uk.eurosport.yahoo.com/jonathan-zebina.html",Jonathan Zebina
"/sdd/edimar/Desktop/doutorado/doutorado04/bases/WEIR/soccer/uk.eurosport.yahoo.com/didier-drogba.html",Didier Drogba
"/sdd/edimar/Desktop/doutorado/doutorado04/bases/WEIR/soccer/uk.eurosport.yahoo.com/andre-chevtchenko.html",Andreï Chevtchenko
"/sdd/edimar/Desktop/doutorado/doutorado04/bases/WEIR/soccer/uk.eurosport.yahoo.com/dario-knezevic.html",Dario Knezevic
"/sdd/edimar/Desktop/doutorado/doutorado04/bases/WEIR/soccer/uk.eurosport.yahoo.com/hernan-crespo.html",Hernan Crespo
"/sdd/edimar/Desktop/doutorado/doutorado04/bases/WEIR/soccer/uk.eurosport.yahoo.com/christian-abbiati.html",Christian Abbiati
"/sdd/edimar/Desktop/doutorado/doutorado04/bases/WEIR/soccer/uk.eurosport.yahoo.com/nikola-zigic.html",Nikola Zigic
"/sdd/edimar/Desktop/doutorado/doutorado04/bases/WEIR/soccer/uk.eurosport.yahoo.com/sebastian-boenisch.html",Sebastian Boenisch
"/sdd/edimar/Desktop/doutorado/doutorado04/bases/WEIR/soccer/uk.eurosport.yahoo.com/sylvain-distin.html",Sylvain Distin
"/sdd/edimar/Desktop/doutorado/doutorado04/bases/WEIR/soccer/uk.eurosport.yahoo.com/mustapha-riga.html",Mustapha Riga
"/sdd/edimar/Desktop/doutorado/doutorado04/bases/WEIR/soccer/uk.eurosport.yahoo.com/michael-brown.html",Michael Brown
"/sdd/edimar/Desktop/doutorado/doutorado04/bases/WEIR/soccer/uk.eurosport.yahoo.com/maik-taylor.html",Maik Taylor
"/sdd/edimar/Desktop/doutorado/doutorado04/bases/WEIR/soccer/uk.eurosport.yahoo.com/nwankwo-kanu.html",Nwankwo Kanu
"/sdd/edimar/Desktop/doutorado/doutorado04/bases/WEIR/soccer/uk.eurosport.yahoo.com/pablo-aimar.html",Pablo Aimar
"/sdd/edimar/Desktop/doutorado/doutorado04/bases/WEIR/soccer/uk.eurosport.yahoo.com/david-bentley.html",David Bentley
"/sdd/edimar/Desktop/doutorado/doutorado04/bases/WEIR/soccer/uk.eurosport.yahoo.com/luisantonio-valencia.html",Luis antonio Valencia
"/sdd/edimar/Desktop/doutorado/doutorado04/bases/WEIR/soccer/uk.eurosport.yahoo.com/shola-ameobi.html",Shola Ameobi
"/sdd/edimar/Desktop/doutorado/doutorado04/bases/WEIR/soccer/uk.eurosport.yahoo.com/branislav-ivanovic.html",Branislav Ivanovic
"/sdd/edimar/Desktop/doutorado/doutorado04/bases/WEIR/soccer/uk.eurosport.yahoo.com/nicky-butt.html",Nicky Butt
"/sdd/edimar/Desktop/doutorado/doutorado04/bases/WEIR/soccer/uk.eurosport.yahoo.com/steve-mandanda.html",Steve Mandanda
"/sdd/edimar/Desktop/doutorado/doutorado04/bases/WEIR/soccer/uk.eurosport.yahoo.com/martin-petrov.html",Martin Petrov
"/sdd/edimar/Desktop/doutorado/doutorado04/bases/WEIR/soccer/uk.eurosport.yahoo.com/john-oshea.html",John O'shea
"/sdd/edimar/Desktop/doutorado/doutorado04/bases/WEIR/soccer/uk.eurosport.yahoo.com/rafael-vandervaart.html",Rafael Van der vaart
"/sdd/edimar/Desktop/doutorado/doutorado04/bases/WEIR/soccer/uk.eurosport.yahoo.com/jermain-defoe.html",Jermain Defoe
"/sdd/edimar/Desktop/doutorado/doutorado04/bases/WEIR/soccer/uk.eurosport.yahoo.com/luca-toni.html",Luca Toni
"/sdd/edimar/Desktop/doutorado/doutorado04/bases/WEIR/soccer/uk.eurosport.yahoo.com/vladimir-stojkovic.html",Vladimir Stojkovic
"/sdd/edimar/Desktop/doutorado/doutorado04/bases/WEIR/soccer/uk.eurosport.yahoo.com/miguel-hugoalmeida.html",Miguel Hugo almeida
"/sdd/edimar/Desktop/doutorado/doutorado04/bases/WEIR/soccer/uk.eurosport.yahoo.com/ezequiel-garay.html",Ezequiel Garay
"/sdd/edimar/Desktop/doutorado/doutorado04/bases/WEIR/soccer/uk.eurosport.yahoo.com/francesco-totti.html",Francesco Totti
"/sdd/edimar/Desktop/doutorado/doutorado04/bases/WEIR/soccer/uk.eurosport.yahoo.com/elliot-grandin.html",Elliot Grandin
"/sdd/edimar/Desktop/doutorado/doutorado04/bases/WEIR/soccer/uk.eurosport.yahoo.com/tim-howard.html",Tim Howard
"/sdd/edimar/Desktop/doutorado/doutorado04/bases/WEIR/soccer/uk.eurosport.yahoo.com/andr-ayew.html",André Ayew
"/sdd/edimar/Desktop/doutorado/doutorado04/bases/WEIR/soccer/uk.eurosport.yahoo.com/marouane-fellaini.html",Marouane Fellaini
"/sdd/edimar/Desktop/doutorado/doutorado04/bases/WEIR/soccer/uk.eurosport.yahoo.com/richard-kingston.html",Richard Kingston
"/sdd/edimar/Desktop/doutorado/doutorado04/bases/WEIR/soccer/uk.eurosport.yahoo.com/xisco.html",Xisco
"/sdd/edimar/Desktop/doutorado/doutorado04/bases/WEIR/soccer/uk.eurosport.yahoo.com/nyron-nosworthy.html",Nyron Nosworthy
"/sdd/edimar/Desktop/doutorado/doutorado04/bases/WEIR/soccer/uk.eurosport.yahoo.com/iker-casillas.html",Iker Casillas
"/sdd/edimar/Desktop/doutorado/doutorado04/bases/WEIR/soccer/uk.eurosport.yahoo.com/leroy-lita.html",Leroy Lita
"/sdd/edimar/Desktop/doutorado/doutorado04/bases/WEIR/soccer/uk.eurosport.yahoo.com/mikel-arteta.html",Mikel Arteta
"/sdd/edimar/Desktop/doutorado/doutorado04/bases/WEIR/soccer/uk.eurosport.yahoo.com/ivanramos-ivancampo.html",Ivan ramos Ivan campo
"/sdd/edimar/Desktop/doutorado/doutorado04/bases/WEIR/soccer/uk.eurosport.yahoo.com/nicklas-bendtner.html",Nicklas Bendtner
"/sdd/edimar/Desktop/doutorado/doutorado04/bases/WEIR/soccer/uk.eurosport.yahoo.com/roque-santacruz.html",Roque Santa cruz
"/sdd/edimar/Desktop/doutorado/doutorado04/bases/WEIR/soccer/uk.eurosport.yahoo.com/liam-ridgewell.html",Liam Ridgewell
"/sdd/edimar/Desktop/doutorado/doutorado04/bases/WEIR/soccer/uk.eurosport.yahoo.com/christian-wilhelmsson.html",Christian Wilhelmsson
"/sdd/edimar/Desktop/doutorado/doutorado04/bases/WEIR/soccer/uk.eurosport.yahoo.com/modeste-mbami.html",Modeste M'bami
"/sdd/edimar/Desktop/doutorado/doutorado04/bases/WEIR/soccer/uk.eurosport.yahoo.com/vincenzo-iaquinta.html",Vincenzo Iaquinta
"/sdd/edimar/Desktop/doutorado/doutorado04/bases/WEIR/soccer/uk.eurosport.yahoo.com/stelios-giannakopoulos.html",Stelios Giannakopoulos
"/sdd/edimar/Desktop/doutorado/doutorado04/bases/WEIR/soccer/uk.eurosport.yahoo.com/florent-malouda.html",Florent Malouda
"/sdd/edimar/Desktop/doutorado/doutorado04/bases/WEIR/soccer/uk.eurosport.yahoo.com/rob-hulse.html",Rob Hulse
"/sdd/edimar/Desktop/doutorado/doutorado04/bases/WEIR/soccer/uk.eurosport.yahoo.com/luke-young.html",Luke Young
"/sdd/edimar/Desktop/doutorado/doutorado04/bases/WEIR/soccer/uk.eurosport.yahoo.com/danny-koevermans.html",Danny Koevermans
"/sdd/edimar/Desktop/doutorado/doutorado04/bases/WEIR/soccer/uk.eurosport.yahoo.com/kim-kallstrom.html",Kim Kallstrom
"/sdd/edimar/Desktop/doutorado/doutorado04/bases/WEIR/soccer/uk.eurosport.yahoo.com/jason-koumas.html",Jason Koumas
"/sdd/edimar/Desktop/doutorado/doutorado04/bases/WEIR/soccer/uk.eurosport.yahoo.com/mariusz-lewandowski.html",Mariusz Lewandowski
"/sdd/edimar/Desktop/doutorado/doutorado04/bases/WEIR/soccer/uk.eurosport.yahoo.com/emmanuel-eboue.html",Emmanuel Eboue
"/sdd/edimar/Desktop/doutorado/doutorado04/bases/WEIR/soccer/uk.eurosport.yahoo.com/santiago-canizares.html",Santiago Canizares
"/sdd/edimar/Desktop/doutorado/doutorado04/bases/WEIR/soccer/uk.eurosport.yahoo.com/craig-fagan.html",Craig Fagan
"/sdd/edimar/Desktop/doutorado/doutorado04/bases/WEIR/soccer/uk.eurosport.yahoo.com/jolean-lescott.html",Jolean Lescott
"/sdd/edimar/Desktop/doutorado/doutorado04/bases/WEIR/soccer/uk.eurosport.yahoo.com/ahmed-hassan.html",Ahmed Hassan
"/sdd/edimar/Desktop/doutorado/doutorado04/bases/WEIR/soccer/uk.eurosport.yahoo.com/mohamed-shawky.html",Mohamed Shawky
"/sdd/edimar/Desktop/doutorado/doutorado04/bases/WEIR/soccer/uk.eurosport.yahoo.com/julio-arca.html",Julio Arca
"/sdd/edimar/Desktop/doutorado/doutorado04/bases/WEIR/soccer/uk.eurosport.yahoo.com/niko-kranjcar.html",Niko Kranjcar
"/sdd/edimar/Desktop/doutorado/doutorado04/bases/WEIR/soccer/uk.eurosport.yahoo.com/javier-zanetti.html",Javier Zanetti
"/sdd/edimar/Desktop/doutorado/doutorado04/bases/WEIR/soccer/uk.eurosport.yahoo.com/nicky-hunt.html",Nicky Hunt
"/sdd/edimar/Desktop/doutorado/doutorado04/bases/WEIR/soccer/uk.eurosport.yahoo.com/adrian-mutu.html",Adrian Mutu
"/sdd/edimar/Desktop/doutorado/doutorado04/bases/WEIR/soccer/uk.eurosport.yahoo.com/gareth-barry.html",Gareth Barry
"/sdd/edimar/Desktop/doutorado/doutorado04/bases/WEIR/soccer/uk.eurosport.yahoo.com/hakan-yakin.html",Hakan Yakin
"/sdd/edimar/Desktop/doutorado/doutorado04/bases/WEIR/soccer/uk.eurosport.yahoo.com/vedran-corluka.html",Vedran Corluka
"/sdd/edimar/Desktop/doutorado/doutorado04/bases/WEIR/soccer/uk.eurosport.yahoo.com/nani.html",Nani
"/sdd/edimar/Desktop/doutorado/doutorado04/bases/WEIR/soccer/uk.eurosport.yahoo.com/georgios-samaras.html",Georgios Samaras
"/sdd/edimar/Desktop/doutorado/doutorado04/bases/WEIR/soccer/uk.eurosport.yahoo.com/claude-davis.html",Claude Davis
"/sdd/edimar/Desktop/doutorado/doutorado04/bases/WEIR/soccer/uk.eurosport.yahoo.com/frdric-kanoute.html",Frédéric Kanoute
"/sdd/edimar/Desktop/doutorado/doutorado04/bases/WEIR/soccer/uk.eurosport.yahoo.com/daniel-braaten.html",Daniel Braaten
"/sdd/edimar/Desktop/doutorado/doutorado04/bases/WEIR/soccer/uk.eurosport.yahoo.com/josip-simunic.html",Josip Simunic
"/sdd/edimar/Desktop/doutorado/doutorado04/bases/WEIR/soccer/uk.eurosport.yahoo.com/george-boateng.html",George Boateng
"/sdd/edimar/Desktop/doutorado/doutorado04/bases/WEIR/soccer/uk.eurosport.yahoo.com/franck-ribery.html",Franck Ribery
"/sdd/edimar/Desktop/doutorado/doutorado04/bases/WEIR/soccer/uk.eurosport.yahoo.com/lorik-cana.html",Lorik Cana
"/sdd/edimar/Desktop/doutorado/doutorado04/bases/WEIR/soccer/uk.eurosport.yahoo.com/mario-balotelli.html",Mario Balotelli
"/sdd/edimar/Desktop/doutorado/doutorado04/bases/WEIR/soccer/uk.eurosport.yahoo.com/paul-hartley.html",Paul Hartley
"/sdd/edimar/Desktop/doutorado/doutorado04/bases/WEIR/soccer/uk.eurosport.yahoo.com/sergioramos.html",Sergio ramos
"/sdd/edimar/Desktop/doutorado/doutorado04/bases/WEIR/soccer/uk.eurosport.yahoo.com/bafetimbi-gomis.html",Bafetimbi Gomis
"/sdd/edimar/Desktop/doutorado/doutorado04/bases/WEIR/soccer/uk.eurosport.yahoo.com/diego-forlan.html",Diego Forlan
"/sdd/edimar/Desktop/doutorado/doutorado04/bases/WEIR/soccer/uk.eurosport.yahoo.com/nder-turaci.html",Önder Turaci
"/sdd/edimar/Desktop/doutorado/doutorado04/bases/WEIR/soccer/uk.eurosport.yahoo.com/robert-huth.html",Robert Huth
"/sdd/edimar/Desktop/doutorado/doutorado04/bases/WEIR/soccer/uk.eurosport.yahoo.com/andreas-hinkel.html",Andreas Hinkel
"/sdd/edimar/Desktop/doutorado/doutorado04/bases/WEIR/soccer/uk.eurosport.yahoo.com/ebi-smolarek.html",Ebi Smolarek
"/sdd/edimar/Desktop/doutorado/doutorado04/bases/WEIR/soccer/uk.eurosport.yahoo.com/shabani-nonda.html",Shabani Nonda
"/sdd/edimar/Desktop/doutorado/doutorado04/bases/WEIR/soccer/uk.eurosport.yahoo.com/nicolas-anelka.html",Nicolas Anelka
"/sdd/edimar/Desktop/doutorado/doutorado04/bases/WEIR/soccer/uk.eurosport.yahoo.com/pedro-mendes.html",Pedro Mendes
"/sdd/edimar/Desktop/doutorado/doutorado04/bases/WEIR/soccer/uk.eurosport.yahoo.com/habib-beye.html",Habib Beye
"/sdd/edimar/Desktop/doutorado/doutorado04/bases/WEIR/soccer/uk.eurosport.yahoo.com/jerzy-dudek.html",Jerzy Dudek
"/sdd/edimar/Desktop/doutorado/doutorado04/bases/WEIR/soccer/uk.eurosport.yahoo.com/sami-hyypia.html",Sami Hyypia
"/sdd/edimar/Desktop/doutorado/doutorado04/bases/WEIR/soccer/uk.eurosport.yahoo.com/ousmane-dabo.html",Ousmane Dabo
"/sdd/edimar/Desktop/doutorado/doutorado04/bases/WEIR/soccer/uk.eurosport.yahoo.com/david-trezeguet.html",David Trezeguet
"/sdd/edimar/Desktop/doutorado/doutorado04/bases/WEIR/soccer/uk.eurosport.yahoo.com/antti-niemi.html",Antti Niemi
"/sdd/edimar/Desktop/doutorado/doutorado04/bases/WEIR/soccer/uk.eurosport.yahoo.com/michael-dawson.html",Michael Dawson
"/sdd/edimar/Desktop/doutorado/doutorado04/bases/WEIR/soccer/uk.eurosport.yahoo.com/daniel-vanbuyten.html",Daniel Van buyten
"/sdd/edimar/Desktop/doutorado/doutorado04/bases/WEIR/soccer/uk.eurosport.yahoo.com/stuart-parnaby.html",Stuart Parnaby
"/sdd/edimar/Desktop/doutorado/doutorado04/bases/WEIR/soccer/uk.eurosport.yahoo.com/paul-scholes.html",Paul Scholes
"/sdd/edimar/Desktop/doutorado/doutorado04/bases/WEIR/soccer/uk.eurosport.yahoo.com/lionel-messi.html",Lionel Messi
"/sdd/edimar/Desktop/doutorado/doutorado04/bases/WEIR/soccer/uk.eurosport.yahoo.com/diego-lopez.html",Diego Lopez
"/sdd/edimar/Desktop/doutorado/doutorado04/bases/WEIR/soccer/uk.eurosport.yahoo.com/emile-heskey.html",Emile Heskey
"/sdd/edimar/Desktop/doutorado/doutorado04/bases/WEIR/soccer/uk.eurosport.yahoo.com/taye-taiwo.html",Taye Taiwo
"/sdd/edimar/Desktop/doutorado/doutorado04/bases/WEIR/soccer/uk.eurosport.yahoo.com/james-milner.html",James Milner
"/sdd/edimar/Desktop/doutorado/doutorado04/bases/WEIR/soccer/uk.eurosport.yahoo.com/thomas-augustinussen.html",Thomas Augustinussen
"/sdd/edimar/Desktop/doutorado/doutorado04/bases/WEIR/soccer/uk.eurosport.yahoo.com/rolando-bianchi.html",Rolando Bianchi
"/sdd/edimar/Desktop/doutorado/doutorado04/bases/WEIR/soccer/uk.eurosport.yahoo.com/johan-djourou.html",Johan Djourou
"/sdd/edimar/Desktop/doutorado/doutorado04/bases/WEIR/soccer/uk.eurosport.yahoo.com/dietmar-hamann.html",Dietmar Hamann
"/sdd/edimar/Desktop/doutorado/doutorado04/bases/WEIR/soccer/uk.eurosport.yahoo.com/michael-beauchamp.html",Michael Beauchamp
"/sdd/edimar/Desktop/doutorado/doutorado04/bases/WEIR/soccer/uk.eurosport.yahoo.com/barry-robson.html",Barry Robson
