URL,EXTRACTED VALUE
"/sdd/edimar/Desktop/doutorado/doutorado04/bases/WEIR/soccer/uk.eurosport.yahoo.com/theo-walcott.html",Theo Walcott Pictures
"/sdd/edimar/Desktop/doutorado/doutorado04/bases/WEIR/soccer/uk.eurosport.yahoo.com/ross-wallace.html",Ross Wallace Pictures
"/sdd/edimar/Desktop/doutorado/doutorado04/bases/WEIR/soccer/uk.eurosport.yahoo.com/andres-iniesta.html",Andres Iniesta Pictures
"/sdd/edimar/Desktop/doutorado/doutorado04/bases/WEIR/soccer/uk.eurosport.yahoo.com/rio-ferdinand.html",Rio Ferdinand Pictures
"/sdd/edimar/Desktop/doutorado/doutorado04/bases/WEIR/soccer/uk.eurosport.yahoo.com/zlatan-ibrahimovic.html",Zlatan Ibrahimovic Pictures
"/sdd/edimar/Desktop/doutorado/doutorado04/bases/WEIR/soccer/uk.eurosport.yahoo.com/pepe.html",Pepe Pictures
"/sdd/edimar/Desktop/doutorado/doutorado04/bases/WEIR/soccer/uk.eurosport.yahoo.com/gonzalo-higuain.html",Gonzalo Higuain Pictures
"/sdd/edimar/Desktop/doutorado/doutorado04/bases/WEIR/soccer/uk.eurosport.yahoo.com/alexandre-songbillong.html",Alexandre Song billong Pictures
"/sdd/edimar/Desktop/doutorado/doutorado04/bases/WEIR/soccer/uk.eurosport.yahoo.com/anthony-mounier.html",Anthony Mounier Pictures
"/sdd/edimar/Desktop/doutorado/doutorado04/bases/WEIR/soccer/uk.eurosport.yahoo.com/franck-jurietti.html",Franck Jurietti Pictures
"/sdd/edimar/Desktop/doutorado/doutorado04/bases/WEIR/soccer/uk.eurosport.yahoo.com/younes-kaboul.html",Younes Kaboul Pictures
"/sdd/edimar/Desktop/doutorado/doutorado04/bases/WEIR/soccer/uk.eurosport.yahoo.com/benedict-mccarthy.html",Benedict Mccarthy Pictures
"/sdd/edimar/Desktop/doutorado/doutorado04/bases/WEIR/soccer/uk.eurosport.yahoo.com/roman-pavlyuchenko.html",Roman Pavlyuchenko Pictures
"/sdd/edimar/Desktop/doutorado/doutorado04/bases/WEIR/soccer/uk.eurosport.yahoo.com/gerard-pique.html",Gerard Pique Pictures
"/sdd/edimar/Desktop/doutorado/doutorado04/bases/WEIR/soccer/uk.eurosport.yahoo.com/paul-konchesky.html",Paul Konchesky Pictures
"/sdd/edimar/Desktop/doutorado/doutorado04/bases/WEIR/soccer/uk.eurosport.yahoo.com/jonathan-woodgate.html",Jonathan Woodgate Pictures
"/sdd/edimar/Desktop/doutorado/doutorado04/bases/WEIR/soccer/uk.eurosport.yahoo.com/patrice-evra.html",Patrice Evra Pictures
"/sdd/edimar/Desktop/doutorado/doutorado04/bases/WEIR/soccer/uk.eurosport.yahoo.com/mark-gonzalez.html",Mark Gonzalez Pictures
"/sdd/edimar/Desktop/doutorado/doutorado04/bases/WEIR/soccer/uk.eurosport.yahoo.com/olivier-kapo.html",Olivier Kapo Pictures
"/sdd/edimar/Desktop/doutorado/doutorado04/bases/WEIR/soccer/uk.eurosport.yahoo.com/olof-mellberg.html",Olof Mellberg Pictures
"/sdd/edimar/Desktop/doutorado/doutorado04/bases/WEIR/soccer/uk.eurosport.yahoo.com/emerse-fae.html",Emerse Fae Pictures
"/sdd/edimar/Desktop/doutorado/doutorado04/bases/WEIR/soccer/uk.eurosport.yahoo.com/mirko-vucinic.html",Mirko Vucinic Pictures
"/sdd/edimar/Desktop/doutorado/doutorado04/bases/WEIR/soccer/uk.eurosport.yahoo.com/claude-makelele.html",Claude Makelele Pictures
"/sdd/edimar/Desktop/doutorado/doutorado04/bases/WEIR/soccer/uk.eurosport.yahoo.com/darren-fletcher.html",Darren Fletcher Pictures
"/sdd/edimar/Desktop/doutorado/doutorado04/bases/WEIR/soccer/uk.eurosport.yahoo.com/karim-benzema.html",Karim Benzema Pictures
"/sdd/edimar/Desktop/doutorado/doutorado04/bases/WEIR/soccer/uk.eurosport.yahoo.com/artur-boruc.html",Artur Boruc Pictures
"/sdd/edimar/Desktop/doutorado/doutorado04/bases/WEIR/soccer/uk.eurosport.yahoo.com/ricardo-quaresma.html",Ricardo Quaresma Pictures
"/sdd/edimar/Desktop/doutorado/doutorado04/bases/WEIR/soccer/uk.eurosport.yahoo.com/kevin-davies.html",Kevin Davies Pictures
"/sdd/edimar/Desktop/doutorado/doutorado04/bases/WEIR/soccer/uk.eurosport.yahoo.com/carles-puyol.html",Carles Puyol Pictures
"/sdd/edimar/Desktop/doutorado/doutorado04/bases/WEIR/soccer/uk.eurosport.yahoo.com/didier-zokora.html",Didier Zokora Pictures
"/sdd/edimar/Desktop/doutorado/doutorado04/bases/WEIR/soccer/uk.eurosport.yahoo.com/matthew-upson.html",Matthew Upson Pictures
"/sdd/edimar/Desktop/doutorado/doutorado04/bases/WEIR/soccer/uk.eurosport.yahoo.com/antoine-sibierski.html",Antoine Sibierski Pictures
"/sdd/edimar/Desktop/doutorado/doutorado04/bases/WEIR/soccer/uk.eurosport.yahoo.com/thierry-henry.html",Thierry Henry Pictures
"/sdd/edimar/Desktop/doutorado/doutorado04/bases/WEIR/soccer/uk.eurosport.yahoo.com/raul-albiol.html",Raul Albiol Pictures
"/sdd/edimar/Desktop/doutorado/doutorado04/bases/WEIR/soccer/uk.eurosport.yahoo.com/mario-melchiot.html",Mario Melchiot Pictures
"/sdd/edimar/Desktop/doutorado/doutorado04/bases/WEIR/soccer/uk.eurosport.yahoo.com/daniel-gygax.html",Daniel Gygax Pictures
"/sdd/edimar/Desktop/doutorado/doutorado04/bases/WEIR/soccer/uk.eurosport.yahoo.com/sibusiso-zuma.html",Sibusiso Zuma Pictures
"/sdd/edimar/Desktop/doutorado/doutorado04/bases/WEIR/soccer/uk.eurosport.yahoo.com/alan-smith.html",Alan Smith Pictures
"/sdd/edimar/Desktop/doutorado/doutorado04/bases/WEIR/soccer/uk.eurosport.yahoo.com/julien-faubert.html",Julien Faubert Pictures
"/sdd/edimar/Desktop/doutorado/doutorado04/bases/WEIR/soccer/uk.eurosport.yahoo.com/markus-rosenberg.html",Markus Rosenberg Pictures
"/sdd/edimar/Desktop/doutorado/doutorado04/bases/WEIR/soccer/uk.eurosport.yahoo.com/martin-laursen.html",Martin Laursen Pictures
"/sdd/edimar/Desktop/doutorado/doutorado04/bases/WEIR/soccer/uk.eurosport.yahoo.com/chris-baird.html",Chris Baird Pictures
"/sdd/edimar/Desktop/doutorado/doutorado04/bases/WEIR/soccer/uk.eurosport.yahoo.com/david-silva.html",David Silva Pictures
"/sdd/edimar/Desktop/doutorado/doutorado04/bases/WEIR/soccer/uk.eurosport.yahoo.com/william-gallas.html",William Gallas Pictures
"/sdd/edimar/Desktop/doutorado/doutorado04/bases/WEIR/soccer/uk.eurosport.yahoo.com/yoann-gourcuff.html",Yoann Gourcuff Pictures
"/sdd/edimar/Desktop/doutorado/doutorado04/bases/WEIR/soccer/uk.eurosport.yahoo.com/alberto-gilardino.html",Alberto Gilardino Pictures
"/sdd/edimar/Desktop/doutorado/doutorado04/bases/WEIR/soccer/uk.eurosport.yahoo.com/hermann-hreidarsson.html",Hermann Hreidarsson Pictures
"/sdd/edimar/Desktop/doutorado/doutorado04/bases/WEIR/soccer/uk.eurosport.yahoo.com/ryan-giggs.html",Ryan Giggs Pictures
"/sdd/edimar/Desktop/doutorado/doutorado04/bases/WEIR/soccer/uk.eurosport.yahoo.com/milan-baros.html",Milan Baros Pictures
"/sdd/edimar/Desktop/doutorado/doutorado04/bases/WEIR/soccer/uk.eurosport.yahoo.com/claudio-cacapa.html",Claudio Cacapa Pictures
"/sdd/edimar/Desktop/doutorado/doutorado04/bases/WEIR/soccer/uk.eurosport.yahoo.com/cristianoronaldo.html",Cristiano ronaldo Pictures
"/sdd/edimar/Desktop/doutorado/doutorado04/bases/WEIR/soccer/uk.eurosport.yahoo.com/andreas-isaksson.html",Andreas Isaksson Pictures
"/sdd/edimar/Desktop/doutorado/doutorado04/bases/WEIR/soccer/uk.eurosport.yahoo.com/mark-viduka.html",Mark Viduka Pictures
"/sdd/edimar/Desktop/doutorado/doutorado04/bases/WEIR/soccer/uk.eurosport.yahoo.com/gary-neville.html",Gary Neville Pictures
"/sdd/edimar/Desktop/doutorado/doutorado04/bases/WEIR/soccer/uk.eurosport.yahoo.com/wayne-bridge.html",Wayne Bridge Pictures
"/sdd/edimar/Desktop/doutorado/doutorado04/bases/WEIR/soccer/uk.eurosport.yahoo.com/philipp-degen.html",Philipp Degen Pictures
"/sdd/edimar/Desktop/doutorado/doutorado04/bases/WEIR/soccer/uk.eurosport.yahoo.com/wesley-sneijder.html",Wesley Sneijder Pictures
"/sdd/edimar/Desktop/doutorado/doutorado04/bases/WEIR/soccer/uk.eurosport.yahoo.com/francesc-fabregas.html",Francesc Fabregas Pictures
"/sdd/edimar/Desktop/doutorado/doutorado04/bases/WEIR/soccer/uk.eurosport.yahoo.com/vicente.html",Vicente Pictures
"/sdd/edimar/Desktop/doutorado/doutorado04/bases/WEIR/soccer/uk.eurosport.yahoo.com/carlos-bocanegra.html",Carlos Bocanegra Pictures
"/sdd/edimar/Desktop/doutorado/doutorado04/bases/WEIR/soccer/uk.eurosport.yahoo.com/gary-caldwell.html",Gary Caldwell Pictures
"/sdd/edimar/Desktop/doutorado/doutorado04/bases/WEIR/soccer/uk.eurosport.yahoo.com/yuri-zhirkov.html",Yuri Zhirkov Pictures
"/sdd/edimar/Desktop/doutorado/doutorado04/bases/WEIR/soccer/uk.eurosport.yahoo.com/rodrigo-taddei.html",Rodrigo Taddei Pictures
"/sdd/edimar/Desktop/doutorado/doutorado04/bases/WEIR/soccer/uk.eurosport.yahoo.com/steve-finnan.html",Steve Finnan Pictures
"/sdd/edimar/Desktop/doutorado/doutorado04/bases/WEIR/soccer/uk.eurosport.yahoo.com/salomon-kalou.html",Salomon Kalou Pictures
"/sdd/edimar/Desktop/doutorado/doutorado04/bases/WEIR/soccer/uk.eurosport.yahoo.com/tomas-rosicky.html",Tomas Rosicky Pictures
"/sdd/edimar/Desktop/doutorado/doutorado04/bases/WEIR/soccer/uk.eurosport.yahoo.com/marc-planus.html",Marc Planus Pictures
"/sdd/edimar/Desktop/doutorado/doutorado04/bases/WEIR/soccer/uk.eurosport.yahoo.com/christian-panucci.html",Christian Panucci Pictures
"/sdd/edimar/Desktop/doutorado/doutorado04/bases/WEIR/soccer/uk.eurosport.yahoo.com/daniel-cousin.html",Daniel Cousin Pictures
"/sdd/edimar/Desktop/doutorado/doutorado04/bases/WEIR/soccer/uk.eurosport.yahoo.com/marco-borriello.html",Marco Borriello Pictures
"/sdd/edimar/Desktop/doutorado/doutorado04/bases/WEIR/soccer/uk.eurosport.yahoo.com/bastian-schweinsteiger.html",Bastian Schweinsteiger Pictures
"/sdd/edimar/Desktop/doutorado/doutorado04/bases/WEIR/soccer/uk.eurosport.yahoo.com/ashley-cole.html",Ashley Cole Pictures
"/sdd/edimar/Desktop/doutorado/doutorado04/bases/WEIR/soccer/uk.eurosport.yahoo.com/jisung-park.html",Ji-sung Park Pictures
"/sdd/edimar/Desktop/doutorado/doutorado04/bases/WEIR/soccer/uk.eurosport.yahoo.com/andy-cole.html",Andy Cole Pictures
"/sdd/edimar/Desktop/doutorado/doutorado04/bases/WEIR/soccer/uk.eurosport.yahoo.com/alves-afonso.html",Alves Afonso Pictures
"/sdd/edimar/Desktop/doutorado/doutorado04/bases/WEIR/soccer/uk.eurosport.yahoo.com/konstantin-zyryanov.html",Konstantin Zyryanov Pictures
"/sdd/edimar/Desktop/doutorado/doutorado04/bases/WEIR/soccer/uk.eurosport.yahoo.com/gareth-southgate.html",Gareth Southgate Pictures
"/sdd/edimar/Desktop/doutorado/doutorado04/bases/WEIR/soccer/uk.eurosport.yahoo.com/vassirikiabou-diaby.html",Vassiriki Abou Diaby Pictures
"/sdd/edimar/Desktop/doutorado/doutorado04/bases/WEIR/soccer/uk.eurosport.yahoo.com/leighton-baines.html",Leighton Baines Pictures
"/sdd/edimar/Desktop/doutorado/doutorado04/bases/WEIR/soccer/uk.eurosport.yahoo.com/daniel-agger.html",Daniel Agger Pictures
"/sdd/edimar/Desktop/doutorado/doutorado04/bases/WEIR/soccer/uk.eurosport.yahoo.com/bruno-berner.html",Bruno Berner Pictures
"/sdd/edimar/Desktop/doutorado/doutorado04/bases/WEIR/soccer/uk.eurosport.yahoo.com/javier-mascherano.html",Javier Mascherano Pictures
"/sdd/edimar/Desktop/doutorado/doutorado04/bases/WEIR/soccer/uk.eurosport.yahoo.com/antonio-chimenti.html",Antonio Chimenti Pictures
"/sdd/edimar/Desktop/doutorado/doutorado04/bases/WEIR/soccer/uk.eurosport.yahoo.com/lassana-diarra.html",Lassana Diarra Pictures
"/sdd/edimar/Desktop/doutorado/doutorado04/bases/WEIR/soccer/uk.eurosport.yahoo.com/patrick-vieira.html",Patrick Vieira Pictures
"/sdd/edimar/Desktop/doutorado/doutorado04/bases/WEIR/soccer/uk.eurosport.yahoo.com/glen-johnson.html",Glen Johnson Pictures
"/sdd/edimar/Desktop/doutorado/doutorado04/bases/WEIR/soccer/uk.eurosport.yahoo.com/david-beckham.html",David Beckham Pictures
"/sdd/edimar/Desktop/doutorado/doutorado04/bases/WEIR/soccer/uk.eurosport.yahoo.com/gabriel-milito.html",Gabriel Milito Pictures
"/sdd/edimar/Desktop/doutorado/doutorado04/bases/WEIR/soccer/uk.eurosport.yahoo.com/ronaldinho.html",Ronaldinho Pictures
"/sdd/edimar/Desktop/doutorado/doutorado04/bases/WEIR/soccer/uk.eurosport.yahoo.com/michael-owen.html",Michael Owen Pictures
"/sdd/edimar/Desktop/doutorado/doutorado04/bases/WEIR/soccer/uk.eurosport.yahoo.com/oliver-kahn.html",Oliver Kahn Pictures
"/sdd/edimar/Desktop/doutorado/doutorado04/bases/WEIR/soccer/uk.eurosport.yahoo.com/andrew-johnson.html",Andrew Johnson Pictures
"/sdd/edimar/Desktop/doutorado/doutorado04/bases/WEIR/soccer/uk.eurosport.yahoo.com/ulrich-rame.html",Ulrich Rame Pictures
"/sdd/edimar/Desktop/doutorado/doutorado04/bases/WEIR/soccer/uk.eurosport.yahoo.com/michael-essien.html",Michael Essien Pictures
"/sdd/edimar/Desktop/doutorado/doutorado04/bases/WEIR/soccer/uk.eurosport.yahoo.com/vincent-kompany.html",Vincent Kompany Pictures
"/sdd/edimar/Desktop/doutorado/doutorado04/bases/WEIR/soccer/uk.eurosport.yahoo.com/eric-abidal.html",Eric Abidal Pictures
"/sdd/edimar/Desktop/doutorado/doutorado04/bases/WEIR/soccer/uk.eurosport.yahoo.com/danny-higginbotham.html",Danny Higginbotham Pictures
"/sdd/edimar/Desktop/doutorado/doutorado04/bases/WEIR/soccer/uk.eurosport.yahoo.com/marlon-harewood.html",Marlon Harewood Pictures
"/sdd/edimar/Desktop/doutorado/doutorado04/bases/WEIR/soccer/uk.eurosport.yahoo.com/bobby-zamora.html",Bobby Zamora Pictures
"/sdd/edimar/Desktop/doutorado/doutorado04/bases/WEIR/soccer/uk.eurosport.yahoo.com/franck-queudrue.html",Franck Queudrue Pictures
"/sdd/edimar/Desktop/doutorado/doutorado04/bases/WEIR/soccer/uk.eurosport.yahoo.com/jason-roberts.html",Jason Roberts Pictures
"/sdd/edimar/Desktop/doutorado/doutorado04/bases/WEIR/soccer/uk.eurosport.yahoo.com/carlo-cudicini.html",Carlo Cudicini Pictures
"/sdd/edimar/Desktop/doutorado/doutorado04/bases/WEIR/soccer/uk.eurosport.yahoo.com/martin-jorgensen.html",Martin Jorgensen Pictures
"/sdd/edimar/Desktop/doutorado/doutorado04/bases/WEIR/soccer/uk.eurosport.yahoo.com/steven-gerrard.html",Steven Gerrard Pictures
"/sdd/edimar/Desktop/doutorado/doutorado04/bases/WEIR/soccer/uk.eurosport.yahoo.com/thomas-gravesen.html",Thomas Gravesen Pictures
"/sdd/edimar/Desktop/doutorado/doutorado04/bases/WEIR/soccer/uk.eurosport.yahoo.com/mahamadou-diarra.html",Mahamadou Diarra Pictures
"/sdd/edimar/Desktop/doutorado/doutorado04/bases/WEIR/soccer/uk.eurosport.yahoo.com/robbie-keane.html",Robbie Keane Pictures
"/sdd/edimar/Desktop/doutorado/doutorado04/bases/WEIR/soccer/uk.eurosport.yahoo.com/michael-ball.html",Michael Ball Pictures
"/sdd/edimar/Desktop/doutorado/doutorado04/bases/WEIR/soccer/uk.eurosport.yahoo.com/nigel-reocoker.html",Nigel Reo-coker Pictures
"/sdd/edimar/Desktop/doutorado/doutorado04/bases/WEIR/soccer/uk.eurosport.yahoo.com/rafael-marquez.html",Rafael Marquez Pictures
"/sdd/edimar/Desktop/doutorado/doutorado04/bases/WEIR/soccer/uk.eurosport.yahoo.com/edwin-vandersar.html",Edwin Van der sar Pictures
"/sdd/edimar/Desktop/doutorado/doutorado04/bases/WEIR/soccer/uk.eurosport.yahoo.com/shaun-maloney.html",Shaun Maloney Pictures
"/sdd/edimar/Desktop/doutorado/doutorado04/bases/WEIR/soccer/uk.eurosport.yahoo.com/fernando.html",Fernando Pictures
"/sdd/edimar/Desktop/doutorado/doutorado04/bases/WEIR/soccer/uk.eurosport.yahoo.com/roy-carroll.html",Roy Carroll Pictures
"/sdd/edimar/Desktop/doutorado/doutorado04/bases/WEIR/soccer/uk.eurosport.yahoo.com/alexander-hleb.html",Alexander Hleb Pictures
"/sdd/edimar/Desktop/doutorado/doutorado04/bases/WEIR/soccer/uk.eurosport.yahoo.com/arjen-robben.html",Arjen Robben Pictures
"/sdd/edimar/Desktop/doutorado/doutorado04/bases/WEIR/soccer/uk.eurosport.yahoo.com/fabio-grosso.html",Fabio Grosso Pictures
"/sdd/edimar/Desktop/doutorado/doutorado04/bases/WEIR/soccer/uk.eurosport.yahoo.com/john-terry.html",John Terry Pictures
"/sdd/edimar/Desktop/doutorado/doutorado04/bases/WEIR/soccer/uk.eurosport.yahoo.com/lilian-thuram.html",Lilian Thuram Pictures
"/sdd/edimar/Desktop/doutorado/doutorado04/bases/WEIR/soccer/uk.eurosport.yahoo.com/henrik-pedersen.html",Henrik Pedersen Pictures
"/sdd/edimar/Desktop/doutorado/doutorado04/bases/WEIR/soccer/uk.eurosport.yahoo.com/bernard-mendy.html",Bernard Mendy Pictures
"/sdd/edimar/Desktop/doutorado/doutorado04/bases/WEIR/soccer/uk.eurosport.yahoo.com/bernardo-corradi.html",Bernardo Corradi Pictures
"/sdd/edimar/Desktop/doutorado/doutorado04/bases/WEIR/soccer/uk.eurosport.yahoo.com/kevin-nolan.html",Kevin Nolan Pictures
"/sdd/edimar/Desktop/doutorado/doutorado04/bases/WEIR/soccer/uk.eurosport.yahoo.com/mladen-petric.html",Mladen Petric Pictures
"/sdd/edimar/Desktop/doutorado/doutorado04/bases/WEIR/soccer/uk.eurosport.yahoo.com/nemanja-vidic.html",Nemanja Vidic Pictures
"/sdd/edimar/Desktop/doutorado/doutorado04/bases/WEIR/soccer/uk.eurosport.yahoo.com/anderson.html",Anderson Pictures
"/sdd/edimar/Desktop/doutorado/doutorado04/bases/WEIR/soccer/uk.eurosport.yahoo.com/steed-malbranque.html",Steed Malbranque Pictures
"/sdd/edimar/Desktop/doutorado/doutorado04/bases/WEIR/soccer/uk.eurosport.yahoo.com/robert-pires.html",Robert Pires Pictures
"/sdd/edimar/Desktop/doutorado/doutorado04/bases/WEIR/soccer/uk.eurosport.yahoo.com/keith-gillespie.html",Keith Gillespie Pictures
"/sdd/edimar/Desktop/doutorado/doutorado04/bases/WEIR/soccer/uk.eurosport.yahoo.com/carlos-tevez.html",Carlos Tevez Pictures
"/sdd/edimar/Desktop/doutorado/doutorado04/bases/WEIR/soccer/uk.eurosport.yahoo.com/mohamed-zidan.html",Mohamed Zidan Pictures
"/sdd/edimar/Desktop/doutorado/doutorado04/bases/WEIR/soccer/uk.eurosport.yahoo.com/torsten-frings.html",Torsten Frings Pictures
"/sdd/edimar/Desktop/doutorado/doutorado04/bases/WEIR/soccer/uk.eurosport.yahoo.com/roy-keane.html",Roy Keane Pictures
"/sdd/edimar/Desktop/doutorado/doutorado04/bases/WEIR/soccer/uk.eurosport.yahoo.com/justin-hoyte.html",Justin Hoyte Pictures
"/sdd/edimar/Desktop/doutorado/doutorado04/bases/WEIR/soccer/uk.eurosport.yahoo.com/kolo-toure.html",Kolo Toure Pictures
"/sdd/edimar/Desktop/doutorado/doutorado04/bases/WEIR/soccer/uk.eurosport.yahoo.com/jean-makoun.html",Jean Makoun Pictures
"/sdd/edimar/Desktop/doutorado/doutorado04/bases/WEIR/soccer/uk.eurosport.yahoo.com/sol-campbell.html",Sol Campbell Pictures
"/sdd/edimar/Desktop/doutorado/doutorado04/bases/WEIR/soccer/uk.eurosport.yahoo.com/antonio-cassano.html",Antonio Cassano Pictures
"/sdd/edimar/Desktop/doutorado/doutorado04/bases/WEIR/soccer/uk.eurosport.yahoo.com/fabricio-coloccini.html",Fabricio Coloccini Pictures
"/sdd/edimar/Desktop/doutorado/doutorado04/bases/WEIR/soccer/uk.eurosport.yahoo.com/teemu-tainio.html",Teemu Tainio Pictures
"/sdd/edimar/Desktop/doutorado/doutorado04/bases/WEIR/soccer/uk.eurosport.yahoo.com/per-mertesacker.html",Per Mertesacker Pictures
"/sdd/edimar/Desktop/doutorado/doutorado04/bases/WEIR/soccer/uk.eurosport.yahoo.com/gianluigi-buffon.html",Gianluigi Buffon Pictures
"/sdd/edimar/Desktop/doutorado/doutorado04/bases/WEIR/soccer/uk.eurosport.yahoo.com/souleymane-diawara.html",Souleymane Diawara Pictures
"/sdd/edimar/Desktop/doutorado/doutorado04/bases/WEIR/soccer/uk.eurosport.yahoo.com/juninho.html",Juninho Pictures
"/sdd/edimar/Desktop/doutorado/doutorado04/bases/WEIR/soccer/uk.eurosport.yahoo.com/stewart-downing.html",Stewart Downing Pictures
"/sdd/edimar/Desktop/doutorado/doutorado04/bases/WEIR/soccer/uk.eurosport.yahoo.com/miroslav-klose.html",Miroslav Klose Pictures
"/sdd/edimar/Desktop/doutorado/doutorado04/bases/WEIR/soccer/uk.eurosport.yahoo.com/joan-capdevila.html",Joan Capdevila Pictures
"/sdd/edimar/Desktop/doutorado/doutorado04/bases/WEIR/soccer/uk.eurosport.yahoo.com/kader-keita.html",Kader Keita Pictures
"/sdd/edimar/Desktop/doutorado/doutorado04/bases/WEIR/soccer/uk.eurosport.yahoo.com/massimo-donati.html",Massimo Donati Pictures
"/sdd/edimar/Desktop/doutorado/doutorado04/bases/WEIR/soccer/uk.eurosport.yahoo.com/lukas-podolski.html",Lukas Podolski Pictures
"/sdd/edimar/Desktop/doutorado/doutorado04/bases/WEIR/soccer/uk.eurosport.yahoo.com/mario-gomez.html",Mario Gomez Pictures
"/sdd/edimar/Desktop/doutorado/doutorado04/bases/WEIR/soccer/uk.eurosport.yahoo.com/tom-huddlestone.html",Tom Huddlestone Pictures
"/sdd/edimar/Desktop/doutorado/doutorado04/bases/WEIR/soccer/uk.eurosport.yahoo.com/philippe-senderos.html",Philippe Senderos Pictures
"/sdd/edimar/Desktop/doutorado/doutorado04/bases/WEIR/soccer/uk.eurosport.yahoo.com/tomasz-kuszczak.html",Tomasz Kuszczak Pictures
"/sdd/edimar/Desktop/doutorado/doutorado04/bases/WEIR/soccer/uk.eurosport.yahoo.com/david-rozehnal.html",David Rozehnal Pictures
"/sdd/edimar/Desktop/doutorado/doutorado04/bases/WEIR/soccer/uk.eurosport.yahoo.com/jamie-carragher.html",Jamie Carragher Pictures
"/sdd/edimar/Desktop/doutorado/doutorado04/bases/WEIR/soccer/uk.eurosport.yahoo.com/marco-materazzi.html",Marco Materazzi Pictures
"/sdd/edimar/Desktop/doutorado/doutorado04/bases/WEIR/soccer/uk.eurosport.yahoo.com/heurelho-gomes.html",Heurelho Gomes Pictures
"/sdd/edimar/Desktop/doutorado/doutorado04/bases/WEIR/soccer/uk.eurosport.yahoo.com/samuel-etoo.html",Samuel Eto'o Pictures
"/sdd/edimar/Desktop/doutorado/doutorado04/bases/WEIR/soccer/uk.eurosport.yahoo.com/petter-hansson.html",Petter Hansson Pictures
"/sdd/edimar/Desktop/doutorado/doutorado04/bases/WEIR/soccer/uk.eurosport.yahoo.com/gilbertosilva.html",Gilberto silva Pictures
"/sdd/edimar/Desktop/doutorado/doutorado04/bases/WEIR/soccer/uk.eurosport.yahoo.com/francis-jeffers.html",Francis Jeffers Pictures
"/sdd/edimar/Desktop/doutorado/doutorado04/bases/WEIR/soccer/uk.eurosport.yahoo.com/tiago.html",Tiago Pictures
"/sdd/edimar/Desktop/doutorado/doutorado04/bases/WEIR/soccer/uk.eurosport.yahoo.com/robin-vanpersie.html",Robin Van persie Pictures
"/sdd/edimar/Desktop/doutorado/doutorado04/bases/WEIR/soccer/uk.eurosport.yahoo.com/alexander-frei.html",Alexander Frei Pictures
"/sdd/edimar/Desktop/doutorado/doutorado04/bases/WEIR/soccer/uk.eurosport.yahoo.com/damien-duff.html",Damien Duff Pictures
"/sdd/edimar/Desktop/doutorado/doutorado04/bases/WEIR/soccer/uk.eurosport.yahoo.com/fraizer-campbell.html",Fraizer Campbell Pictures
"/sdd/edimar/Desktop/doutorado/doutorado04/bases/WEIR/soccer/uk.eurosport.yahoo.com/carlton-cole.html",Carlton Cole Pictures
"/sdd/edimar/Desktop/doutorado/doutorado04/bases/WEIR/soccer/uk.eurosport.yahoo.com/marouane-chamakh.html",Marouane Chamakh Pictures
"/sdd/edimar/Desktop/doutorado/doutorado04/bases/WEIR/soccer/uk.eurosport.yahoo.com/dimitar-berbatov.html",Dimitar Berbatov Pictures
"/sdd/edimar/Desktop/doutorado/doutorado04/bases/WEIR/soccer/uk.eurosport.yahoo.com/samir-nasri.html",Samir Nasri Pictures
"/sdd/edimar/Desktop/doutorado/doutorado04/bases/WEIR/soccer/uk.eurosport.yahoo.com/marco-cassetti.html",Marco Cassetti Pictures
"/sdd/edimar/Desktop/doutorado/doutorado04/bases/WEIR/soccer/uk.eurosport.yahoo.com/robbie-fowler.html",Robbie Fowler Pictures
"/sdd/edimar/Desktop/doutorado/doutorado04/bases/WEIR/soccer/uk.eurosport.yahoo.com/hugo-lloris.html",Hugo Lloris Pictures
"/sdd/edimar/Desktop/doutorado/doutorado04/bases/WEIR/soccer/uk.eurosport.yahoo.com/eidur-gudjohnsen.html",Eidur Gudjohnsen Pictures
"/sdd/edimar/Desktop/doutorado/doutorado04/bases/WEIR/soccer/uk.eurosport.yahoo.com/michael-carrick.html",Michael Carrick Pictures
"/sdd/edimar/Desktop/doutorado/doutorado04/bases/WEIR/soccer/uk.eurosport.yahoo.com/david-villa.html",David Villa Pictures
"/sdd/edimar/Desktop/doutorado/doutorado04/bases/WEIR/soccer/uk.eurosport.yahoo.com/steven-davis.html",Steven Davis Pictures
"/sdd/edimar/Desktop/doutorado/doutorado04/bases/WEIR/soccer/uk.eurosport.yahoo.com/laurent-blanc.html",Laurent Blanc Pictures
"/sdd/edimar/Desktop/doutorado/doutorado04/bases/WEIR/soccer/uk.eurosport.yahoo.com/alberto-aquilani.html",Alberto Aquilani Pictures
"/sdd/edimar/Desktop/doutorado/doutorado04/bases/WEIR/soccer/uk.eurosport.yahoo.com/anatoliy-tymoshchuk.html",Anatoliy Tymoshchuk Pictures
"/sdd/edimar/Desktop/doutorado/doutorado04/bases/WEIR/soccer/uk.eurosport.yahoo.com/joe-cole.html",Joe Cole Pictures
"/sdd/edimar/Desktop/doutorado/doutorado04/bases/WEIR/soccer/uk.eurosport.yahoo.com/manuel-almunia.html",Manuel Almunia Pictures
"/sdd/edimar/Desktop/doutorado/doutorado04/bases/WEIR/soccer/uk.eurosport.yahoo.com/michael-ballack.html",Michael Ballack Pictures
"/sdd/edimar/Desktop/doutorado/doutorado04/bases/WEIR/soccer/uk.eurosport.yahoo.com/vladimir-smicer.html",Vladimir Smicer Pictures
"/sdd/edimar/Desktop/doutorado/doutorado04/bases/WEIR/soccer/uk.eurosport.yahoo.com/mark-schwarzer.html",Mark Schwarzer Pictures
"/sdd/edimar/Desktop/doutorado/doutorado04/bases/WEIR/soccer/uk.eurosport.yahoo.com/filippo-inzaghi.html",Filippo Inzaghi Pictures
"/sdd/edimar/Desktop/doutorado/doutorado04/bases/WEIR/soccer/uk.eurosport.yahoo.com/eric-addo.html",Eric Addo Pictures
"/sdd/edimar/Desktop/doutorado/doutorado04/bases/WEIR/soccer/uk.eurosport.yahoo.com/jonathan-zebina.html",Jonathan Zebina Pictures
"/sdd/edimar/Desktop/doutorado/doutorado04/bases/WEIR/soccer/uk.eurosport.yahoo.com/owen-hargreaves.html",Owen Hargreaves Pictures
"/sdd/edimar/Desktop/doutorado/doutorado04/bases/WEIR/soccer/uk.eurosport.yahoo.com/didier-drogba.html",Didier Drogba Pictures
"/sdd/edimar/Desktop/doutorado/doutorado04/bases/WEIR/soccer/uk.eurosport.yahoo.com/peter-halmosi.html",Peter Halmosi Pictures
"/sdd/edimar/Desktop/doutorado/doutorado04/bases/WEIR/soccer/uk.eurosport.yahoo.com/zinedine-zidane.html",Zinedine Zidane Pictures
"/sdd/edimar/Desktop/doutorado/doutorado04/bases/WEIR/soccer/uk.eurosport.yahoo.com/paul-scharner.html",Paul Scharner Pictures
"/sdd/edimar/Desktop/doutorado/doutorado04/bases/WEIR/soccer/uk.eurosport.yahoo.com/hernan-crespo.html",Hernan Crespo Pictures
"/sdd/edimar/Desktop/doutorado/doutorado04/bases/WEIR/soccer/uk.eurosport.yahoo.com/david-nugent.html",David Nugent Pictures
"/sdd/edimar/Desktop/doutorado/doutorado04/bases/WEIR/soccer/uk.eurosport.yahoo.com/john-carew.html",John Carew Pictures
"/sdd/edimar/Desktop/doutorado/doutorado04/bases/WEIR/soccer/uk.eurosport.yahoo.com/christian-abbiati.html",Christian Abbiati Pictures
"/sdd/edimar/Desktop/doutorado/doutorado04/bases/WEIR/soccer/uk.eurosport.yahoo.com/jermaine-jenas.html",Jermaine Jenas Pictures
"/sdd/edimar/Desktop/doutorado/doutorado04/bases/WEIR/soccer/uk.eurosport.yahoo.com/sylvain-distin.html",Sylvain Distin Pictures
"/sdd/edimar/Desktop/doutorado/doutorado04/bases/WEIR/soccer/uk.eurosport.yahoo.com/mamadou-niang.html",Mamadou Niang Pictures
"/sdd/edimar/Desktop/doutorado/doutorado04/bases/WEIR/soccer/uk.eurosport.yahoo.com/brad-friedel.html",Brad Friedel Pictures
"/sdd/edimar/Desktop/doutorado/doutorado04/bases/WEIR/soccer/uk.eurosport.yahoo.com/kenny-miller.html",Kenny Miller Pictures
"/sdd/edimar/Desktop/doutorado/doutorado04/bases/WEIR/soccer/uk.eurosport.yahoo.com/sulleyali-muntari.html",Sulley Ali Muntari Pictures
"/sdd/edimar/Desktop/doutorado/doutorado04/bases/WEIR/soccer/uk.eurosport.yahoo.com/nwankwo-kanu.html",Nwankwo Kanu Pictures
"/sdd/edimar/Desktop/doutorado/doutorado04/bases/WEIR/soccer/uk.eurosport.yahoo.com/david-bentley.html",David Bentley Pictures
"/sdd/edimar/Desktop/doutorado/doutorado04/bases/WEIR/soccer/uk.eurosport.yahoo.com/nicky-butt.html",Nicky Butt Pictures
"/sdd/edimar/Desktop/doutorado/doutorado04/bases/WEIR/soccer/uk.eurosport.yahoo.com/ronaldo.html",Ronaldo Pictures
"/sdd/edimar/Desktop/doutorado/doutorado04/bases/WEIR/soccer/uk.eurosport.yahoo.com/kim.html",Kim Pictures
"/sdd/edimar/Desktop/doutorado/doutorado04/bases/WEIR/soccer/uk.eurosport.yahoo.com/michel-platini.html",Michel Platini Pictures
"/sdd/edimar/Desktop/doutorado/doutorado04/bases/WEIR/soccer/uk.eurosport.yahoo.com/timmy-simons.html",Timmy Simons Pictures
"/sdd/edimar/Desktop/doutorado/doutorado04/bases/WEIR/soccer/uk.eurosport.yahoo.com/john-oshea.html",John O'shea Pictures
"/sdd/edimar/Desktop/doutorado/doutorado04/bases/WEIR/soccer/uk.eurosport.yahoo.com/stephen-pearson.html",Stephen Pearson Pictures
"/sdd/edimar/Desktop/doutorado/doutorado04/bases/WEIR/soccer/uk.eurosport.yahoo.com/rafael-vandervaart.html",Rafael Van der vaart Pictures
"/sdd/edimar/Desktop/doutorado/doutorado04/bases/WEIR/soccer/uk.eurosport.yahoo.com/daniele-derossi.html",Daniele De rossi Pictures
"/sdd/edimar/Desktop/doutorado/doutorado04/bases/WEIR/soccer/uk.eurosport.yahoo.com/luca-toni.html",Luca Toni Pictures
"/sdd/edimar/Desktop/doutorado/doutorado04/bases/WEIR/soccer/uk.eurosport.yahoo.com/anton-ferdinand.html",Anton Ferdinand Pictures
"/sdd/edimar/Desktop/doutorado/doutorado04/bases/WEIR/soccer/uk.eurosport.yahoo.com/steven-pienaar.html",Steven Pienaar Pictures
"/sdd/edimar/Desktop/doutorado/doutorado04/bases/WEIR/soccer/uk.eurosport.yahoo.com/francesco-totti.html",Francesco Totti Pictures
"/sdd/edimar/Desktop/doutorado/doutorado04/bases/WEIR/soccer/uk.eurosport.yahoo.com/martin-demichelis.html",Martin Demichelis Pictures
"/sdd/edimar/Desktop/doutorado/doutorado04/bases/WEIR/soccer/uk.eurosport.yahoo.com/tim-howard.html",Tim Howard Pictures
"/sdd/edimar/Desktop/doutorado/doutorado04/bases/WEIR/soccer/uk.eurosport.yahoo.com/kieran-richardson.html",Kieran Richardson Pictures
"/sdd/edimar/Desktop/doutorado/doutorado04/bases/WEIR/soccer/uk.eurosport.yahoo.com/stipe-pletikosa.html",Stipe Pletikosa Pictures
"/sdd/edimar/Desktop/doutorado/doutorado04/bases/WEIR/soccer/uk.eurosport.yahoo.com/ledley-king.html",Ledley King Pictures
"/sdd/edimar/Desktop/doutorado/doutorado04/bases/WEIR/soccer/uk.eurosport.yahoo.com/cristian-rodriguez.html",Cristian Rodriguez Pictures
"/sdd/edimar/Desktop/doutorado/doutorado04/bases/WEIR/soccer/uk.eurosport.yahoo.com/simone-perrotta.html",Simone Perrotta Pictures
"/sdd/edimar/Desktop/doutorado/doutorado04/bases/WEIR/soccer/uk.eurosport.yahoo.com/scott-parker.html",Scott Parker Pictures
"/sdd/edimar/Desktop/doutorado/doutorado04/bases/WEIR/soccer/uk.eurosport.yahoo.com/shaun-wrightphillips.html",Shaun Wright-phillips Pictures
"/sdd/edimar/Desktop/doutorado/doutorado04/bases/WEIR/soccer/uk.eurosport.yahoo.com/fabio-rochemback.html",Fabio Rochemback Pictures
"/sdd/edimar/Desktop/doutorado/doutorado04/bases/WEIR/soccer/uk.eurosport.yahoo.com/david-james.html",David James Pictures
"/sdd/edimar/Desktop/doutorado/doutorado04/bases/WEIR/soccer/uk.eurosport.yahoo.com/alan-hutton.html",Alan Hutton Pictures
"/sdd/edimar/Desktop/doutorado/doutorado04/bases/WEIR/soccer/uk.eurosport.yahoo.com/iker-casillas.html",Iker Casillas Pictures
"/sdd/edimar/Desktop/doutorado/doutorado04/bases/WEIR/soccer/uk.eurosport.yahoo.com/mikel-arteta.html",Mikel Arteta Pictures
"/sdd/edimar/Desktop/doutorado/doutorado04/bases/WEIR/soccer/uk.eurosport.yahoo.com/roque-santacruz.html",Roque Santa cruz Pictures
"/sdd/edimar/Desktop/doutorado/doutorado04/bases/WEIR/soccer/uk.eurosport.yahoo.com/christian-wilhelmsson.html",Christian Wilhelmsson Pictures
"/sdd/edimar/Desktop/doutorado/doutorado04/bases/WEIR/soccer/uk.eurosport.yahoo.com/alessandro-delpiero.html",Alessandro Del piero Pictures
"/sdd/edimar/Desktop/doutorado/doutorado04/bases/WEIR/soccer/uk.eurosport.yahoo.com/lee-cattermole.html",Lee Cattermole Pictures
"/sdd/edimar/Desktop/doutorado/doutorado04/bases/WEIR/soccer/uk.eurosport.yahoo.com/modeste-mbami.html",Modeste M'bami Pictures
"/sdd/edimar/Desktop/doutorado/doutorado04/bases/WEIR/soccer/uk.eurosport.yahoo.com/vincenzo-iaquinta.html",Vincenzo Iaquinta Pictures
"/sdd/edimar/Desktop/doutorado/doutorado04/bases/WEIR/soccer/uk.eurosport.yahoo.com/stelios-giannakopoulos.html",Stelios Giannakopoulos Pictures
"/sdd/edimar/Desktop/doutorado/doutorado04/bases/WEIR/soccer/uk.eurosport.yahoo.com/jeremie-aliadiere.html",Jeremie Aliadiere Pictures
"/sdd/edimar/Desktop/doutorado/doutorado04/bases/WEIR/soccer/uk.eurosport.yahoo.com/florent-malouda.html",Florent Malouda Pictures
"/sdd/edimar/Desktop/doutorado/doutorado04/bases/WEIR/soccer/uk.eurosport.yahoo.com/josemaria-guti.html",Jose Maria Guti Pictures
"/sdd/edimar/Desktop/doutorado/doutorado04/bases/WEIR/soccer/uk.eurosport.yahoo.com/jussi-jaaskelainen.html",Jussi Jaaskelainen Pictures
"/sdd/edimar/Desktop/doutorado/doutorado04/bases/WEIR/soccer/uk.eurosport.yahoo.com/kim-kallstrom.html",Kim Kallstrom Pictures
"/sdd/edimar/Desktop/doutorado/doutorado04/bases/WEIR/soccer/uk.eurosport.yahoo.com/demirel-volkan.html",Demirel Volkan Pictures
"/sdd/edimar/Desktop/doutorado/doutorado04/bases/WEIR/soccer/uk.eurosport.yahoo.com/emmanuel-eboue.html",Emmanuel Eboue Pictures
"/sdd/edimar/Desktop/doutorado/doutorado04/bases/WEIR/soccer/uk.eurosport.yahoo.com/santiago-canizares.html",Santiago Canizares Pictures
"/sdd/edimar/Desktop/doutorado/doutorado04/bases/WEIR/soccer/uk.eurosport.yahoo.com/geremi.html",Geremi Pictures
"/sdd/edimar/Desktop/doutorado/doutorado04/bases/WEIR/soccer/uk.eurosport.yahoo.com/shunsuke-nakamura.html",Shunsuke Nakamura Pictures
"/sdd/edimar/Desktop/doutorado/doutorado04/bases/WEIR/soccer/uk.eurosport.yahoo.com/ahmed-hassan.html",Ahmed Hassan Pictures
"/sdd/edimar/Desktop/doutorado/doutorado04/bases/WEIR/soccer/uk.eurosport.yahoo.com/sanli-tuncay.html",Sanli Tuncay Pictures
"/sdd/edimar/Desktop/doutorado/doutorado04/bases/WEIR/soccer/uk.eurosport.yahoo.com/hatem-benarfa.html",Hatem Ben arfa Pictures
"/sdd/edimar/Desktop/doutorado/doutorado04/bases/WEIR/soccer/uk.eurosport.yahoo.com/ibrahim-afellay.html",Ibrahim Afellay Pictures
"/sdd/edimar/Desktop/doutorado/doutorado04/bases/WEIR/soccer/uk.eurosport.yahoo.com/tim-cahill.html",Tim Cahill Pictures
"/sdd/edimar/Desktop/doutorado/doutorado04/bases/WEIR/soccer/uk.eurosport.yahoo.com/wayne-rooney.html",Wayne Rooney Pictures
"/sdd/edimar/Desktop/doutorado/doutorado04/bases/WEIR/soccer/uk.eurosport.yahoo.com/mohamed-shawky.html",Mohamed Shawky Pictures
"/sdd/edimar/Desktop/doutorado/doutorado04/bases/WEIR/soccer/uk.eurosport.yahoo.com/robert-kovac.html",Robert Kovac Pictures
"/sdd/edimar/Desktop/doutorado/doutorado04/bases/WEIR/soccer/uk.eurosport.yahoo.com/clemens-fritz.html",Clemens Fritz Pictures
"/sdd/edimar/Desktop/doutorado/doutorado04/bases/WEIR/soccer/uk.eurosport.yahoo.com/niko-kranjcar.html",Niko Kranjcar Pictures
"/sdd/edimar/Desktop/doutorado/doutorado04/bases/WEIR/soccer/uk.eurosport.yahoo.com/javier-zanetti.html",Javier Zanetti Pictures
"/sdd/edimar/Desktop/doutorado/doutorado04/bases/WEIR/soccer/uk.eurosport.yahoo.com/sidney-govou.html",Sidney Govou Pictures
"/sdd/edimar/Desktop/doutorado/doutorado04/bases/WEIR/soccer/uk.eurosport.yahoo.com/gabriel-heinze.html",Gabriel Heinze Pictures
"/sdd/edimar/Desktop/doutorado/doutorado04/bases/WEIR/soccer/uk.eurosport.yahoo.com/nicky-hunt.html",Nicky Hunt Pictures
"/sdd/edimar/Desktop/doutorado/doutorado04/bases/WEIR/soccer/uk.eurosport.yahoo.com/adrian-mutu.html",Adrian Mutu Pictures
"/sdd/edimar/Desktop/doutorado/doutorado04/bases/WEIR/soccer/uk.eurosport.yahoo.com/gareth-barry.html",Gareth Barry Pictures
"/sdd/edimar/Desktop/doutorado/doutorado04/bases/WEIR/soccer/uk.eurosport.yahoo.com/philipp-lahm.html",Philipp Lahm Pictures
"/sdd/edimar/Desktop/doutorado/doutorado04/bases/WEIR/soccer/uk.eurosport.yahoo.com/obafemi-martins.html",Obafemi Martins Pictures
"/sdd/edimar/Desktop/doutorado/doutorado04/bases/WEIR/soccer/uk.eurosport.yahoo.com/ivica-olic.html",Ivica Olic Pictures
"/sdd/edimar/Desktop/doutorado/doutorado04/bases/WEIR/soccer/uk.eurosport.yahoo.com/hakan-yakin.html",Hakan Yakin Pictures
"/sdd/edimar/Desktop/doutorado/doutorado04/bases/WEIR/soccer/uk.eurosport.yahoo.com/vedran-corluka.html",Vedran Corluka Pictures
"/sdd/edimar/Desktop/doutorado/doutorado04/bases/WEIR/soccer/uk.eurosport.yahoo.com/nani.html",Nani Pictures
"/sdd/edimar/Desktop/doutorado/doutorado04/bases/WEIR/soccer/uk.eurosport.yahoo.com/georgios-samaras.html",Georgios Samaras Pictures
"/sdd/edimar/Desktop/doutorado/doutorado04/bases/WEIR/soccer/uk.eurosport.yahoo.com/michael-duberry.html",Michael Duberry Pictures
"/sdd/edimar/Desktop/doutorado/doutorado04/bases/WEIR/soccer/uk.eurosport.yahoo.com/harry-kewell.html",Harry Kewell Pictures
"/sdd/edimar/Desktop/doutorado/doutorado04/bases/WEIR/soccer/uk.eurosport.yahoo.com/daniel-braaten.html",Daniel Braaten Pictures
"/sdd/edimar/Desktop/doutorado/doutorado04/bases/WEIR/soccer/uk.eurosport.yahoo.com/george-boateng.html",George Boateng Pictures
"/sdd/edimar/Desktop/doutorado/doutorado04/bases/WEIR/soccer/uk.eurosport.yahoo.com/josip-simunic.html",Josip Simunic Pictures
"/sdd/edimar/Desktop/doutorado/doutorado04/bases/WEIR/soccer/uk.eurosport.yahoo.com/raul-meireles.html",Raul Meireles Pictures
"/sdd/edimar/Desktop/doutorado/doutorado04/bases/WEIR/soccer/uk.eurosport.yahoo.com/giannis-goumas.html",Giannis Goumas Pictures
"/sdd/edimar/Desktop/doutorado/doutorado04/bases/WEIR/soccer/uk.eurosport.yahoo.com/craig-gordon.html",Craig Gordon Pictures
"/sdd/edimar/Desktop/doutorado/doutorado04/bases/WEIR/soccer/uk.eurosport.yahoo.com/franck-ribery.html",Franck Ribery Pictures
"/sdd/edimar/Desktop/doutorado/doutorado04/bases/WEIR/soccer/uk.eurosport.yahoo.com/lorik-cana.html",Lorik Cana Pictures
"/sdd/edimar/Desktop/doutorado/doutorado04/bases/WEIR/soccer/uk.eurosport.yahoo.com/mario-balotelli.html",Mario Balotelli Pictures
"/sdd/edimar/Desktop/doutorado/doutorado04/bases/WEIR/soccer/uk.eurosport.yahoo.com/jens-lehmann.html",Jens Lehmann Pictures
"/sdd/edimar/Desktop/doutorado/doutorado04/bases/WEIR/soccer/uk.eurosport.yahoo.com/paul-hartley.html",Paul Hartley Pictures
"/sdd/edimar/Desktop/doutorado/doutorado04/bases/WEIR/soccer/uk.eurosport.yahoo.com/sergioramos.html",Sergio ramos Pictures
"/sdd/edimar/Desktop/doutorado/doutorado04/bases/WEIR/soccer/uk.eurosport.yahoo.com/ricardocarvalho.html",Ricardo carvalho Pictures
"/sdd/edimar/Desktop/doutorado/doutorado04/bases/WEIR/soccer/uk.eurosport.yahoo.com/rigobert-song.html",Rigobert Song Pictures
"/sdd/edimar/Desktop/doutorado/doutorado04/bases/WEIR/soccer/uk.eurosport.yahoo.com/seydou-keita.html",Seydou Keita Pictures
"/sdd/edimar/Desktop/doutorado/doutorado04/bases/WEIR/soccer/uk.eurosport.yahoo.com/diego-forlan.html",Diego Forlan Pictures
"/sdd/edimar/Desktop/doutorado/doutorado04/bases/WEIR/soccer/uk.eurosport.yahoo.com/aaron-lennon.html",Aaron Lennon Pictures
"/sdd/edimar/Desktop/doutorado/doutorado04/bases/WEIR/soccer/uk.eurosport.yahoo.com/benjani.html",Benjani Pictures
"/sdd/edimar/Desktop/doutorado/doutorado04/bases/WEIR/soccer/uk.eurosport.yahoo.com/barry-ferguson.html",Barry Ferguson Pictures
"/sdd/edimar/Desktop/doutorado/doutorado04/bases/WEIR/soccer/uk.eurosport.yahoo.com/andreas-hinkel.html",Andreas Hinkel Pictures
"/sdd/edimar/Desktop/doutorado/doutorado04/bases/WEIR/soccer/uk.eurosport.yahoo.com/johan-elmander.html",Johan Elmander Pictures
"/sdd/edimar/Desktop/doutorado/doutorado04/bases/WEIR/soccer/uk.eurosport.yahoo.com/robert-huth.html",Robert Huth Pictures
"/sdd/edimar/Desktop/doutorado/doutorado04/bases/WEIR/soccer/uk.eurosport.yahoo.com/raymond-domenech.html",Raymond Domenech Pictures
"/sdd/edimar/Desktop/doutorado/doutorado04/bases/WEIR/soccer/uk.eurosport.yahoo.com/ben-foster.html",Ben Foster Pictures
"/sdd/edimar/Desktop/doutorado/doutorado04/bases/WEIR/soccer/uk.eurosport.yahoo.com/nicolas-anelka.html",Nicolas Anelka Pictures
"/sdd/edimar/Desktop/doutorado/doutorado04/bases/WEIR/soccer/uk.eurosport.yahoo.com/pedro-mendes.html",Pedro Mendes Pictures
"/sdd/edimar/Desktop/doutorado/doutorado04/bases/WEIR/soccer/uk.eurosport.yahoo.com/habib-beye.html",Habib Beye Pictures
"/sdd/edimar/Desktop/doutorado/doutorado04/bases/WEIR/soccer/uk.eurosport.yahoo.com/niclas-alexandersson.html",Niclas Alexandersson Pictures
"/sdd/edimar/Desktop/doutorado/doutorado04/bases/WEIR/soccer/uk.eurosport.yahoo.com/peter-crouch.html",Peter Crouch Pictures
"/sdd/edimar/Desktop/doutorado/doutorado04/bases/WEIR/soccer/uk.eurosport.yahoo.com/marc-crosas.html",Marc Crosas Pictures
"/sdd/edimar/Desktop/doutorado/doutorado04/bases/WEIR/soccer/uk.eurosport.yahoo.com/jerzy-dudek.html",Jerzy Dudek Pictures
"/sdd/edimar/Desktop/doutorado/doutorado04/bases/WEIR/soccer/uk.eurosport.yahoo.com/sami-hyypia.html",Sami Hyypia Pictures
"/sdd/edimar/Desktop/doutorado/doutorado04/bases/WEIR/soccer/uk.eurosport.yahoo.com/jermaine-pennant.html",Jermaine Pennant Pictures
"/sdd/edimar/Desktop/doutorado/doutorado04/bases/WEIR/soccer/uk.eurosport.yahoo.com/frank-lampard.html",Frank Lampard Pictures
"/sdd/edimar/Desktop/doutorado/doutorado04/bases/WEIR/soccer/uk.eurosport.yahoo.com/ousmane-dabo.html",Ousmane Dabo Pictures
"/sdd/edimar/Desktop/doutorado/doutorado04/bases/WEIR/soccer/uk.eurosport.yahoo.com/stephen-appiah.html",Stephen Appiah Pictures
"/sdd/edimar/Desktop/doutorado/doutorado04/bases/WEIR/soccer/uk.eurosport.yahoo.com/david-trezeguet.html",David Trezeguet Pictures
"/sdd/edimar/Desktop/doutorado/doutorado04/bases/WEIR/soccer/uk.eurosport.yahoo.com/antti-niemi.html",Antti Niemi Pictures
"/sdd/edimar/Desktop/doutorado/doutorado04/bases/WEIR/soccer/uk.eurosport.yahoo.com/carlos-villanueva.html",Carlos Villanueva Pictures
"/sdd/edimar/Desktop/doutorado/doutorado04/bases/WEIR/soccer/uk.eurosport.yahoo.com/daniel-vanbuyten.html",Daniel Van buyten Pictures
"/sdd/edimar/Desktop/doutorado/doutorado04/bases/WEIR/soccer/uk.eurosport.yahoo.com/stuart-parnaby.html",Stuart Parnaby Pictures
"/sdd/edimar/Desktop/doutorado/doutorado04/bases/WEIR/soccer/uk.eurosport.yahoo.com/paul-scholes.html",Paul Scholes Pictures
"/sdd/edimar/Desktop/doutorado/doutorado04/bases/WEIR/soccer/uk.eurosport.yahoo.com/lionel-messi.html",Lionel Messi Pictures
"/sdd/edimar/Desktop/doutorado/doutorado04/bases/WEIR/soccer/uk.eurosport.yahoo.com/albert-riera.html",Albert Riera Pictures
"/sdd/edimar/Desktop/doutorado/doutorado04/bases/WEIR/soccer/uk.eurosport.yahoo.com/diego-lopez.html",Diego Lopez Pictures
"/sdd/edimar/Desktop/doutorado/doutorado04/bases/WEIR/soccer/uk.eurosport.yahoo.com/emile-heskey.html",Emile Heskey Pictures
"/sdd/edimar/Desktop/doutorado/doutorado04/bases/WEIR/soccer/uk.eurosport.yahoo.com/taye-taiwo.html",Taye Taiwo Pictures
"/sdd/edimar/Desktop/doutorado/doutorado04/bases/WEIR/soccer/uk.eurosport.yahoo.com/johnobi-mikel.html",John Obi Mikel Pictures
"/sdd/edimar/Desktop/doutorado/doutorado04/bases/WEIR/soccer/uk.eurosport.yahoo.com/michael-rensing.html",Michael Rensing Pictures
"/sdd/edimar/Desktop/doutorado/doutorado04/bases/WEIR/soccer/uk.eurosport.yahoo.com/dirk-kuyt.html",Dirk Kuyt Pictures
"/sdd/edimar/Desktop/doutorado/doutorado04/bases/WEIR/soccer/uk.eurosport.yahoo.com/fredrik-ljungberg.html",Fredrik Ljungberg Pictures
"/sdd/edimar/Desktop/doutorado/doutorado04/bases/WEIR/soccer/uk.eurosport.yahoo.com/paolo-maldini.html",Paolo Maldini Pictures
"/sdd/edimar/Desktop/doutorado/doutorado04/bases/WEIR/soccer/uk.eurosport.yahoo.com/ronald-zubar.html",Ronald Zubar Pictures
"/sdd/edimar/Desktop/doutorado/doutorado04/bases/WEIR/soccer/uk.eurosport.yahoo.com/dietmar-hamann.html",Dietmar Hamann Pictures
"/sdd/edimar/Desktop/doutorado/doutorado04/bases/WEIR/soccer/uk.eurosport.yahoo.com/louis-saha.html",Louis Saha Pictures
"/sdd/edimar/Desktop/doutorado/doutorado04/bases/WEIR/soccer/uk.eurosport.yahoo.com/abdoulaye-meite.html",Abdoulaye Meite Pictures
