URL,EXTRACTED VALUE
"/sdd/edimar/Desktop/doutorado/doutorado04/bases/WEIR/soccer/uk.eurosport.yahoo.com/david-wheater.html",David Wheater Pictures
"/sdd/edimar/Desktop/doutorado/doutorado04/bases/WEIR/soccer/uk.eurosport.yahoo.com/goran-pandev.html",Goran Pandev Pictures
"/sdd/edimar/Desktop/doutorado/doutorado04/bases/WEIR/soccer/uk.eurosport.yahoo.com/stephen-bywater.html",Stephen Bywater Pictures
"/sdd/edimar/Desktop/doutorado/doutorado04/bases/WEIR/soccer/uk.eurosport.yahoo.com/phillip-bardsley.html",Phillip Bardsley Pictures
"/sdd/edimar/Desktop/doutorado/doutorado04/bases/WEIR/soccer/uk.eurosport.yahoo.com/joey-obrien.html",Joey O'brien Pictures
"/sdd/edimar/Desktop/doutorado/doutorado04/bases/WEIR/soccer/uk.eurosport.yahoo.com/sergio-aguero.html",Sergio Aguero Pictures
"/sdd/edimar/Desktop/doutorado/doutorado04/bases/WEIR/soccer/uk.eurosport.yahoo.com/adriano.html",Adriano Pictures
"/sdd/edimar/Desktop/doutorado/doutorado04/bases/WEIR/soccer/uk.eurosport.yahoo.com/sean-davis.html",Sean Davis Pictures
"/sdd/edimar/Desktop/doutorado/doutorado04/bases/WEIR/soccer/uk.eurosport.yahoo.com/javier-garrido.html",Javier Garrido Pictures
"/sdd/edimar/Desktop/doutorado/doutorado04/bases/WEIR/soccer/uk.eurosport.yahoo.com/gretar-steinsson.html",Gretar Steinsson Pictures
"/sdd/edimar/Desktop/doutorado/doutorado04/bases/WEIR/soccer/uk.eurosport.yahoo.com/aaron-mokoena.html",Aaron Mokoena Pictures
"/sdd/edimar/Desktop/doutorado/doutorado04/bases/WEIR/soccer/uk.eurosport.yahoo.com/luka-modric.html",Luka Modric Pictures
"/sdd/edimar/Desktop/doutorado/doutorado04/bases/WEIR/soccer/uk.eurosport.yahoo.com/danny-shittu.html",Danny Shittu Pictures
"/sdd/edimar/Desktop/doutorado/doutorado04/bases/WEIR/soccer/uk.eurosport.yahoo.com/ricardo-gardner.html",Ricardo Gardner Pictures
"/sdd/edimar/Desktop/doutorado/doutorado04/bases/WEIR/soccer/uk.eurosport.yahoo.com/graeme-murty.html",Graeme Murty Pictures
"/sdd/edimar/Desktop/doutorado/doutorado04/bases/WEIR/soccer/uk.eurosport.yahoo.com/anthony-stokes.html",Anthony Stokes Pictures
"/sdd/edimar/Desktop/doutorado/doutorado04/bases/WEIR/soccer/uk.eurosport.yahoo.com/dickson-etuhu.html",Dickson Etuhu Pictures
"/sdd/edimar/Desktop/doutorado/doutorado04/bases/WEIR/soccer/uk.eurosport.yahoo.com/cristian-molinaro.html",Cristian Molinaro Pictures
"/sdd/edimar/Desktop/doutorado/doutorado04/bases/WEIR/soccer/uk.eurosport.yahoo.com/tranquillo-barnetta.html",Tranquillo Barnetta Pictures
"/sdd/edimar/Desktop/doutorado/doutorado04/bases/WEIR/soccer/uk.eurosport.yahoo.com/robinson-zapata.html",Robinson Zapata Pictures
"/sdd/edimar/Desktop/doutorado/doutorado04/bases/WEIR/soccer/uk.eurosport.yahoo.com/giorgio-chiellini.html",Giorgio Chiellini Pictures
"/sdd/edimar/Desktop/doutorado/doutorado04/bases/WEIR/soccer/uk.eurosport.yahoo.com/christopher-samba.html",Christopher Samba Pictures
"/sdd/edimar/Desktop/doutorado/doutorado04/bases/WEIR/soccer/uk.eurosport.yahoo.com/steven-taylor.html",Steven Taylor Pictures
"/sdd/edimar/Desktop/doutorado/doutorado04/bases/WEIR/soccer/uk.eurosport.yahoo.com/lee-carsley.html",Lee Carsley Pictures
"/sdd/edimar/Desktop/doutorado/doutorado04/bases/WEIR/soccer/uk.eurosport.yahoo.com/wilson-palacios.html",Wilson Palacios Pictures
"/sdd/edimar/Desktop/doutorado/doutorado04/bases/WEIR/soccer/uk.eurosport.yahoo.com/marco-marchionni.html",Marco Marchionni Pictures
"/sdd/edimar/Desktop/doutorado/doutorado04/bases/WEIR/soccer/uk.eurosport.yahoo.com/nicky-shorey.html",Nicky Shorey Pictures
"/sdd/edimar/Desktop/doutorado/doutorado04/bases/WEIR/soccer/uk.eurosport.yahoo.com/dario-knezevic.html",Dario Knezevic Pictures
"/sdd/edimar/Desktop/doutorado/doutorado04/bases/WEIR/soccer/uk.eurosport.yahoo.com/giles-barnes.html",Giles Barnes Pictures
"/sdd/edimar/Desktop/doutorado/doutorado04/bases/WEIR/soccer/uk.eurosport.yahoo.com/nikola-zigic.html",Nikola Zigic Pictures
"/sdd/edimar/Desktop/doutorado/doutorado04/bases/WEIR/soccer/uk.eurosport.yahoo.com/sebastian-boenisch.html",Sebastian Boenisch Pictures
"/sdd/edimar/Desktop/doutorado/doutorado04/bases/WEIR/soccer/uk.eurosport.yahoo.com/otman-bakkal.html",Otman Bakkal Pictures
"/sdd/edimar/Desktop/doutorado/doutorado04/bases/WEIR/soccer/uk.eurosport.yahoo.com/mustapha-riga.html",Mustapha Riga Pictures
"/sdd/edimar/Desktop/doutorado/doutorado04/bases/WEIR/soccer/uk.eurosport.yahoo.com/alan-stubbs.html",Alan Stubbs Pictures
"/sdd/edimar/Desktop/doutorado/doutorado04/bases/WEIR/soccer/uk.eurosport.yahoo.com/fabrice-muamba.html",Fabrice Muamba Pictures
"/sdd/edimar/Desktop/doutorado/doutorado04/bases/WEIR/soccer/uk.eurosport.yahoo.com/diegocapel.html",Diego capel Pictures
"/sdd/edimar/Desktop/doutorado/doutorado04/bases/WEIR/soccer/uk.eurosport.yahoo.com/giuseppe-rossi.html",Giuseppe Rossi Pictures
"/sdd/edimar/Desktop/doutorado/doutorado04/bases/WEIR/soccer/uk.eurosport.yahoo.com/george-mccartney.html",George Mccartney Pictures
"/sdd/edimar/Desktop/doutorado/doutorado04/bases/WEIR/soccer/uk.eurosport.yahoo.com/lee-bowyer.html",Lee Bowyer Pictures
"/sdd/edimar/Desktop/doutorado/doutorado04/bases/WEIR/soccer/uk.eurosport.yahoo.com/stephen-warnock.html",Stephen Warnock Pictures
"/sdd/edimar/Desktop/doutorado/doutorado04/bases/WEIR/soccer/uk.eurosport.yahoo.com/michael-brown.html",Michael Brown Pictures
"/sdd/edimar/Desktop/doutorado/doutorado04/bases/WEIR/soccer/uk.eurosport.yahoo.com/miralem-pjanic.html",Miralem Pjanic Pictures
"/sdd/edimar/Desktop/doutorado/doutorado04/bases/WEIR/soccer/uk.eurosport.yahoo.com/maik-taylor.html",Maik Taylor Pictures
"/sdd/edimar/Desktop/doutorado/doutorado04/bases/WEIR/soccer/uk.eurosport.yahoo.com/david-healy.html",David Healy Pictures
"/sdd/edimar/Desktop/doutorado/doutorado04/bases/WEIR/soccer/uk.eurosport.yahoo.com/robert-earnshaw.html",Robert Earnshaw Pictures
"/sdd/edimar/Desktop/doutorado/doutorado04/bases/WEIR/soccer/uk.eurosport.yahoo.com/luisantonio-valencia.html",Luis Antonio Valencia Pictures
"/sdd/edimar/Desktop/doutorado/doutorado04/bases/WEIR/soccer/uk.eurosport.yahoo.com/shola-ameobi.html",Shola Ameobi Pictures
"/sdd/edimar/Desktop/doutorado/doutorado04/bases/WEIR/soccer/uk.eurosport.yahoo.com/branislav-ivanovic.html",Branislav Ivanovic Pictures
"/sdd/edimar/Desktop/doutorado/doutorado04/bases/WEIR/soccer/uk.eurosport.yahoo.com/ben-sahar.html",Ben Sahar Pictures
"/sdd/edimar/Desktop/doutorado/doutorado04/bases/WEIR/soccer/uk.eurosport.yahoo.com/steve-mandanda.html",Steve Mandanda Pictures
"/sdd/edimar/Desktop/doutorado/doutorado04/bases/WEIR/soccer/uk.eurosport.yahoo.com/james-harper.html",James Harper Pictures
"/sdd/edimar/Desktop/doutorado/doutorado04/bases/WEIR/soccer/uk.eurosport.yahoo.com/gary-cahill.html",Gary Cahill Pictures
"/sdd/edimar/Desktop/doutorado/doutorado04/bases/WEIR/soccer/uk.eurosport.yahoo.com/roger-lemerre.html",Roger Lemerre Pictures
"/sdd/edimar/Desktop/doutorado/doutorado04/bases/WEIR/soccer/uk.eurosport.yahoo.com/martin-petrov.html",Martin Petrov Pictures
"/sdd/edimar/Desktop/doutorado/doutorado04/bases/WEIR/soccer/uk.eurosport.yahoo.com/shay-given.html",Shay Given Pictures
"/sdd/edimar/Desktop/doutorado/doutorado04/bases/WEIR/soccer/uk.eurosport.yahoo.com/fredrik-stoor.html",Fredrik Stoor Pictures
"/sdd/edimar/Desktop/doutorado/doutorado04/bases/WEIR/soccer/uk.eurosport.yahoo.com/greg-halford.html",Greg Halford Pictures
"/sdd/edimar/Desktop/doutorado/doutorado04/bases/WEIR/soccer/uk.eurosport.yahoo.com/jermain-defoe.html",Jermain Defoe Pictures
"/sdd/edimar/Desktop/doutorado/doutorado04/bases/WEIR/soccer/uk.eurosport.yahoo.com/joe-hart.html",Joe Hart Pictures
"/sdd/edimar/Desktop/doutorado/doutorado04/bases/WEIR/soccer/uk.eurosport.yahoo.com/aaron-hunt.html",Aaron Hunt Pictures
"/sdd/edimar/Desktop/doutorado/doutorado04/bases/WEIR/soccer/uk.eurosport.yahoo.com/ashley-young.html",Ashley Young Pictures
"/sdd/edimar/Desktop/doutorado/doutorado04/bases/WEIR/soccer/uk.eurosport.yahoo.com/dirk-marcellis.html",Dirk Marcellis Pictures
"/sdd/edimar/Desktop/doutorado/doutorado04/bases/WEIR/soccer/uk.eurosport.yahoo.com/dean-leacock.html",Dean Leacock Pictures
"/sdd/edimar/Desktop/doutorado/doutorado04/bases/WEIR/soccer/uk.eurosport.yahoo.com/andreas-granqvist.html",Andreas Granqvist Pictures
"/sdd/edimar/Desktop/doutorado/doutorado04/bases/WEIR/soccer/uk.eurosport.yahoo.com/leon-osman.html",Leon Osman Pictures
"/sdd/edimar/Desktop/doutorado/doutorado04/bases/WEIR/soccer/uk.eurosport.yahoo.com/james-mcfadden.html",James Mcfadden Pictures
"/sdd/edimar/Desktop/doutorado/doutorado04/bases/WEIR/soccer/uk.eurosport.yahoo.com/miguel-hugoalmeida.html",Miguel Hugo almeida Pictures
"/sdd/edimar/Desktop/doutorado/doutorado04/bases/WEIR/soccer/uk.eurosport.yahoo.com/ezequiel-garay.html",Ezequiel Garay Pictures
"/sdd/edimar/Desktop/doutorado/doutorado04/bases/WEIR/soccer/uk.eurosport.yahoo.com/elliot-grandin.html",Elliot Grandin Pictures
"/sdd/edimar/Desktop/doutorado/doutorado04/bases/WEIR/soccer/uk.eurosport.yahoo.com/roman-eremenko.html",Roman Eremenko Pictures
"/sdd/edimar/Desktop/doutorado/doutorado04/bases/WEIR/soccer/uk.eurosport.yahoo.com/edison-mendez.html",Edison Mendez Pictures
"/sdd/edimar/Desktop/doutorado/doutorado04/bases/WEIR/soccer/uk.eurosport.yahoo.com/richard-kingston.html",Richard Kingston Pictures
"/sdd/edimar/Desktop/doutorado/doutorado04/bases/WEIR/soccer/uk.eurosport.yahoo.com/lucas-neill.html",Lucas Neill Pictures
"/sdd/edimar/Desktop/doutorado/doutorado04/bases/WEIR/soccer/uk.eurosport.yahoo.com/rudy-riou.html",Rudy Riou Pictures
"/sdd/edimar/Desktop/doutorado/doutorado04/bases/WEIR/soccer/uk.eurosport.yahoo.com/charles-kabore.html",Charles Kabore Pictures
"/sdd/edimar/Desktop/doutorado/doutorado04/bases/WEIR/soccer/uk.eurosport.yahoo.com/jose-fernandotorres.html",Jose Fernando torres Pictures
"/sdd/edimar/Desktop/doutorado/doutorado04/bases/WEIR/soccer/uk.eurosport.yahoo.com/xisco.html",Xisco Pictures
"/sdd/edimar/Desktop/doutorado/doutorado04/bases/WEIR/soccer/uk.eurosport.yahoo.com/erik-edman.html",Erik Edman Pictures
"/sdd/edimar/Desktop/doutorado/doutorado04/bases/WEIR/soccer/uk.eurosport.yahoo.com/nyron-nosworthy.html",Nyron Nosworthy Pictures
"/sdd/edimar/Desktop/doutorado/doutorado04/bases/WEIR/soccer/uk.eurosport.yahoo.com/leroy-lita.html",Leroy Lita Pictures
"/sdd/edimar/Desktop/doutorado/doutorado04/bases/WEIR/soccer/uk.eurosport.yahoo.com/kevin-doyle.html",Kevin Doyle Pictures
"/sdd/edimar/Desktop/doutorado/doutorado04/bases/WEIR/soccer/uk.eurosport.yahoo.com/marek-saganowski.html",Marek Saganowski Pictures
"/sdd/edimar/Desktop/doutorado/doutorado04/bases/WEIR/soccer/uk.eurosport.yahoo.com/maceo-rigters.html",Maceo Rigters Pictures
"/sdd/edimar/Desktop/doutorado/doutorado04/bases/WEIR/soccer/uk.eurosport.yahoo.com/nicklas-bendtner.html",Nicklas Bendtner Pictures
"/sdd/edimar/Desktop/doutorado/doutorado04/bases/WEIR/soccer/uk.eurosport.yahoo.com/liam-ridgewell.html",Liam Ridgewell Pictures
"/sdd/edimar/Desktop/doutorado/doutorado04/bases/WEIR/soccer/uk.eurosport.yahoo.com/andy-griffin.html",Andy Griffin Pictures
"/sdd/edimar/Desktop/doutorado/doutorado04/bases/WEIR/soccer/uk.eurosport.yahoo.com/riccardo-montolivo.html",Riccardo Montolivo Pictures
"/sdd/edimar/Desktop/doutorado/doutorado04/bases/WEIR/soccer/uk.eurosport.yahoo.com/scott-carson.html",Scott Carson Pictures
"/sdd/edimar/Desktop/doutorado/doutorado04/bases/WEIR/soccer/uk.eurosport.yahoo.com/giampaolo-pazzini.html",Giampaolo Pazzini Pictures
"/sdd/edimar/Desktop/doutorado/doutorado04/bases/WEIR/soccer/uk.eurosport.yahoo.com/didier-digard.html",Didier Digard Pictures
"/sdd/edimar/Desktop/doutorado/doutorado04/bases/WEIR/soccer/uk.eurosport.yahoo.com/rob-hulse.html",Rob Hulse Pictures
"/sdd/edimar/Desktop/doutorado/doutorado04/bases/WEIR/soccer/uk.eurosport.yahoo.com/gabriel-agbonlahor.html",Gabriel Agbonlahor Pictures
"/sdd/edimar/Desktop/doutorado/doutorado04/bases/WEIR/soccer/uk.eurosport.yahoo.com/luke-young.html",Luke Young Pictures
"/sdd/edimar/Desktop/doutorado/doutorado04/bases/WEIR/soccer/uk.eurosport.yahoo.com/scott-sinclair.html",Scott Sinclair Pictures
"/sdd/edimar/Desktop/doutorado/doutorado04/bases/WEIR/soccer/uk.eurosport.yahoo.com/danny-koevermans.html",Danny Koevermans Pictures
"/sdd/edimar/Desktop/doutorado/doutorado04/bases/WEIR/soccer/uk.eurosport.yahoo.com/kasey-keller.html",Kasey Keller Pictures
"/sdd/edimar/Desktop/doutorado/doutorado04/bases/WEIR/soccer/uk.eurosport.yahoo.com/ian-harte.html",Ian Harte Pictures
"/sdd/edimar/Desktop/doutorado/doutorado04/bases/WEIR/soccer/uk.eurosport.yahoo.com/brian-mcbride.html",Brian Mcbride Pictures
"/sdd/edimar/Desktop/doutorado/doutorado04/bases/WEIR/soccer/uk.eurosport.yahoo.com/andreas-ivanschitz.html",Andreas Ivanschitz Pictures
"/sdd/edimar/Desktop/doutorado/doutorado04/bases/WEIR/soccer/uk.eurosport.yahoo.com/joey-barton.html",Joey Barton Pictures
"/sdd/edimar/Desktop/doutorado/doutorado04/bases/WEIR/soccer/uk.eurosport.yahoo.com/jason-koumas.html",Jason Koumas Pictures
"/sdd/edimar/Desktop/doutorado/doutorado04/bases/WEIR/soccer/uk.eurosport.yahoo.com/daryl-murphy.html",Daryl Murphy Pictures
"/sdd/edimar/Desktop/doutorado/doutorado04/bases/WEIR/soccer/uk.eurosport.yahoo.com/mariusz-lewandowski.html",Mariusz Lewandowski Pictures
"/sdd/edimar/Desktop/doutorado/doutorado04/bases/WEIR/soccer/uk.eurosport.yahoo.com/guillermo-franco.html",Guillermo Franco Pictures
"/sdd/edimar/Desktop/doutorado/doutorado04/bases/WEIR/soccer/uk.eurosport.yahoo.com/mark-randall.html",Mark Randall Pictures
"/sdd/edimar/Desktop/doutorado/doutorado04/bases/WEIR/soccer/uk.eurosport.yahoo.com/craig-fagan.html",Craig Fagan Pictures
"/sdd/edimar/Desktop/doutorado/doutorado04/bases/WEIR/soccer/uk.eurosport.yahoo.com/mauro-zarate.html",Mauro Zarate Pictures
"/sdd/edimar/Desktop/doutorado/doutorado04/bases/WEIR/soccer/uk.eurosport.yahoo.com/mario-galinovic.html",Mario Galinovic Pictures
"/sdd/edimar/Desktop/doutorado/doutorado04/bases/WEIR/soccer/uk.eurosport.yahoo.com/steve-harper.html",Steve Harper Pictures
"/sdd/edimar/Desktop/doutorado/doutorado04/bases/WEIR/soccer/uk.eurosport.yahoo.com/simone-loria.html",Simone Loria Pictures
"/sdd/edimar/Desktop/doutorado/doutorado04/bases/WEIR/soccer/uk.eurosport.yahoo.com/amaury-bischoff.html",Amaury Bischoff Pictures
"/sdd/edimar/Desktop/doutorado/doutorado04/bases/WEIR/soccer/uk.eurosport.yahoo.com/valon-behrami.html",Valon Behrami Pictures
"/sdd/edimar/Desktop/doutorado/doutorado04/bases/WEIR/soccer/uk.eurosport.yahoo.com/ahmed-fathi.html",Ahmed Fathi Pictures
"/sdd/edimar/Desktop/doutorado/doutorado04/bases/WEIR/soccer/uk.eurosport.yahoo.com/john-mensah.html",John Mensah Pictures
"/sdd/edimar/Desktop/doutorado/doutorado04/bases/WEIR/soccer/uk.eurosport.yahoo.com/julio-arca.html",Julio Arca Pictures
"/sdd/edimar/Desktop/doutorado/doutorado04/bases/WEIR/soccer/uk.eurosport.yahoo.com/alessandro-gamberini.html",Alessandro Gamberini Pictures
"/sdd/edimar/Desktop/doutorado/doutorado04/bases/WEIR/soccer/uk.eurosport.yahoo.com/kahveci-nihat.html",Kahveci Nihat Pictures
"/sdd/edimar/Desktop/doutorado/doutorado04/bases/WEIR/soccer/uk.eurosport.yahoo.com/andy-todd.html",Andy Todd Pictures
"/sdd/edimar/Desktop/doutorado/doutorado04/bases/WEIR/soccer/uk.eurosport.yahoo.com/martin-skrtel.html",Martin Skrtel Pictures
"/sdd/edimar/Desktop/doutorado/doutorado04/bases/WEIR/soccer/uk.eurosport.yahoo.com/ryan-nelsen.html",Ryan Nelsen Pictures
"/sdd/edimar/Desktop/doutorado/doutorado04/bases/WEIR/soccer/uk.eurosport.yahoo.com/titus-bramble.html",Titus Bramble Pictures
"/sdd/edimar/Desktop/doutorado/doutorado04/bases/WEIR/soccer/uk.eurosport.yahoo.com/sebastian-larsson.html",Sebastian Larsson Pictures
"/sdd/edimar/Desktop/doutorado/doutorado04/bases/WEIR/soccer/uk.eurosport.yahoo.com/claude-davis.html",Claude Davis Pictures
"/sdd/edimar/Desktop/doutorado/doutorado04/bases/WEIR/soccer/uk.eurosport.yahoo.com/kalifa-cisse.html",Kalifa Cisse Pictures
"/sdd/edimar/Desktop/doutorado/doutorado04/bases/WEIR/soccer/uk.eurosport.yahoo.com/john-pantsil.html",John Pantsil Pictures
"/sdd/edimar/Desktop/doutorado/doutorado04/bases/WEIR/soccer/uk.eurosport.yahoo.com/per-kroldrup.html",Per Kroldrup Pictures
"/sdd/edimar/Desktop/doutorado/doutorado04/bases/WEIR/soccer/uk.eurosport.yahoo.com/paul-robinson.html",Paul Robinson Pictures
"/sdd/edimar/Desktop/doutorado/doutorado04/bases/WEIR/soccer/uk.eurosport.yahoo.com/tyrone-mears.html",Tyrone Mears Pictures
"/sdd/edimar/Desktop/doutorado/doutorado04/bases/WEIR/soccer/uk.eurosport.yahoo.com/mathieu-valbuena.html",Mathieu Valbuena Pictures
"/sdd/edimar/Desktop/doutorado/doutorado04/bases/WEIR/soccer/uk.eurosport.yahoo.com/brede-hangeland.html",Brede Hangeland Pictures
"/sdd/edimar/Desktop/doutorado/doutorado04/bases/WEIR/soccer/uk.eurosport.yahoo.com/gyan-asamoah.html",Gyan Asamoah Pictures
"/sdd/edimar/Desktop/doutorado/doutorado04/bases/WEIR/soccer/uk.eurosport.yahoo.com/bafetimbi-gomis.html",Bafetimbi Gomis Pictures
"/sdd/edimar/Desktop/doutorado/doutorado04/bases/WEIR/soccer/uk.eurosport.yahoo.com/darius-vassell.html",Darius Vassell Pictures
"/sdd/edimar/Desktop/doutorado/doutorado04/bases/WEIR/soccer/uk.eurosport.yahoo.com/zoltan-gera.html",Zoltan Gera Pictures
"/sdd/edimar/Desktop/doutorado/doutorado04/bases/WEIR/soccer/uk.eurosport.yahoo.com/richard-dunne.html",Richard Dunne Pictures
"/sdd/edimar/Desktop/doutorado/doutorado04/bases/WEIR/soccer/uk.eurosport.yahoo.com/christian-manfredini.html",Christian Manfredini Pictures
"/sdd/edimar/Desktop/doutorado/doutorado04/bases/WEIR/soccer/uk.eurosport.yahoo.com/ebi-smolarek.html",Ebi Smolarek Pictures
"/sdd/edimar/Desktop/doutorado/doutorado04/bases/WEIR/soccer/uk.eurosport.yahoo.com/stephen-ireland.html",Stephen Ireland Pictures
"/sdd/edimar/Desktop/doutorado/doutorado04/bases/WEIR/soccer/uk.eurosport.yahoo.com/lukasz-fabianski.html",Lukasz Fabianski Pictures
"/sdd/edimar/Desktop/doutorado/doutorado04/bases/WEIR/soccer/uk.eurosport.yahoo.com/zdravko-kuzmanovic.html",Zdravko Kuzmanovic Pictures
"/sdd/edimar/Desktop/doutorado/doutorado04/bases/WEIR/soccer/uk.eurosport.yahoo.com/yannick-djalo.html",Yannick Djalo Pictures
"/sdd/edimar/Desktop/doutorado/doutorado04/bases/WEIR/soccer/uk.eurosport.yahoo.com/michael-johnson.html",Michael Johnson Pictures
"/sdd/edimar/Desktop/doutorado/doutorado04/bases/WEIR/soccer/uk.eurosport.yahoo.com/michael-dawson.html",Michael Dawson Pictures
"/sdd/edimar/Desktop/doutorado/doutorado04/bases/WEIR/soccer/uk.eurosport.yahoo.com/hayden-mullins.html",Hayden Mullins Pictures
"/sdd/edimar/Desktop/doutorado/doutorado04/bases/WEIR/soccer/uk.eurosport.yahoo.com/joseba-llorente.html",Joseba Llorente Pictures
"/sdd/edimar/Desktop/doutorado/doutorado04/bases/WEIR/soccer/uk.eurosport.yahoo.com/micah-richards.html",Micah Richards Pictures
"/sdd/edimar/Desktop/doutorado/doutorado04/bases/WEIR/soccer/uk.eurosport.yahoo.com/marlon-king.html",Marlon King Pictures
"/sdd/edimar/Desktop/doutorado/doutorado04/bases/WEIR/soccer/uk.eurosport.yahoo.com/turan-arda.html",Turan Arda Pictures
"/sdd/edimar/Desktop/doutorado/doutorado04/bases/WEIR/soccer/uk.eurosport.yahoo.com/james-milner.html",James Milner Pictures
"/sdd/edimar/Desktop/doutorado/doutorado04/bases/WEIR/soccer/uk.eurosport.yahoo.com/steve-sidwell.html",Steve Sidwell Pictures
"/sdd/edimar/Desktop/doutorado/doutorado04/bases/WEIR/soccer/uk.eurosport.yahoo.com/rolando-bianchi.html",Rolando Bianchi Pictures
"/sdd/edimar/Desktop/doutorado/doutorado04/bases/WEIR/soccer/uk.eurosport.yahoo.com/robert-green.html",Robert Green Pictures
"/sdd/edimar/Desktop/doutorado/doutorado04/bases/WEIR/soccer/uk.eurosport.yahoo.com/david-cotterill.html",David Cotterill Pictures
"/sdd/edimar/Desktop/doutorado/doutorado04/bases/WEIR/soccer/uk.eurosport.yahoo.com/johan-djourou.html",Johan Djourou Pictures
"/sdd/edimar/Desktop/doutorado/doutorado04/bases/WEIR/soccer/uk.eurosport.yahoo.com/andrea-dossena.html",Andrea Dossena Pictures
"/sdd/edimar/Desktop/doutorado/doutorado04/bases/WEIR/soccer/uk.eurosport.yahoo.com/danny-guthrie.html",Danny Guthrie Pictures
"/sdd/edimar/Desktop/doutorado/doutorado04/bases/WEIR/soccer/uk.eurosport.yahoo.com/joseph-yobo.html",Joseph Yobo Pictures
"/sdd/edimar/Desktop/doutorado/doutorado04/bases/WEIR/soccer/uk.eurosport.yahoo.com/nolberto-solano.html",Nolberto Solano Pictures
"/sdd/edimar/Desktop/doutorado/doutorado04/bases/WEIR/soccer/uk.eurosport.yahoo.com/gareth-bale.html",Gareth Bale Pictures
"/sdd/edimar/Desktop/doutorado/doutorado04/bases/WEIR/soccer/uk.eurosport.yahoo.com/michael-beauchamp.html",Michael Beauchamp Pictures
"/sdd/edimar/Desktop/doutorado/doutorado04/bases/WEIR/soccer/uk.eurosport.yahoo.com/barry-robson.html",Barry Robson Pictures
"/sdd/edimar/Desktop/doutorado/doutorado04/bases/WEIR/soccer/uk.eurosport.yahoo.com/darren-bent.html",Darren Bent Pictures
